/* RTL8238B 固件 (从原厂 kernel.vmlinux 提取) */
/* 大固件: 21164 字节, 设备 ID != 2 时使用 */
static const unsigned char rtl8238b_fw_big[] = {
    0x00, 0x00, 0x39, 0x82, 0x0f, 0x00, 0xf4, 0x4e, 0xcc, 0x00, 0x70, 0x02,
    0x68, 0x00, 0x00, 0x00, 0x07, 0x62, 0xfc, 0x63, 0x00, 0x6a, 0x06, 0xd0,
    0x50, 0xc3, 0x7d, 0x67, 0x20, 0x68, 0x17, 0xf3, 0x2a, 0x6a, 0xb5, 0xf2,
    0x60, 0x40, 0xf0, 0xf0, 0x15, 0x4a, 0x4a, 0xf5, 0x1f, 0x1a, 0x40, 0xdb,
    0x20, 0xf1, 0xa6, 0x09, 0x02, 0x6a, 0x00, 0x48, 0x17, 0xf0, 0x40, 0xd8,
    0xa2, 0x67, 0x20, 0x6a, 0x04, 0x4d, 0x0a, 0xf0, 0xf1, 0x6b, 0x80, 0x9d,
    0x6c, 0xec, 0x6b, 0xeb, 0x8d, 0xeb, 0x10, 0x6b, 0x0a, 0xf0, 0x60, 0xdd,
    0x80, 0x9a, 0x00, 0x4a, 0x8d, 0xeb, 0x01, 0x6b, 0x1f, 0x1a, 0x60, 0xda,
    0x17, 0xf3, 0x04, 0x1a, 0x20, 0xf1, 0x20, 0x68, 0x40, 0x9b, 0x60, 0x40,
    0xbd, 0x67, 0x02, 0x6c, 0x46, 0x32, 0x8c, 0xea, 0xb0, 0xa5, 0x50, 0xc5,
    0xac, 0xea, 0xff, 0x6a, 0x60, 0xf4, 0xf2, 0x22, 0x80, 0xdb, 0x18, 0x48,
    0x12, 0x1a, 0x1f, 0x1a, 0x00, 0x68, 0x40, 0x98, 0x1f, 0x1a, 0x03, 0x2a,
    0x08, 0x10, 0xdd, 0x0c, 0x01, 0x48, 0x90, 0x67, 0x26, 0x15, 0x1f, 0x1a,
    0xfa, 0x61, 0x08, 0x70, 0x36, 0x15, 0x1f, 0x1a, 0xd5, 0x09, 0x1f, 0x1a,
    0x17, 0xf0, 0x76, 0x6b, 0x0a, 0xf0, 0x20, 0x6a, 0xd7, 0x17, 0x6c, 0xda,
    0x20, 0x6a, 0x14, 0xf0, 0x94, 0x9a, 0xc0, 0xf0, 0x20, 0x6a, 0x17, 0xf3,
    0x6c, 0x42, 0x80, 0xf0, 0x05, 0xf0, 0x80, 0xdb, 0xff, 0x4b, 0x20, 0x6b,
    0x08, 0x4a, 0x00, 0xf5, 0x00, 0x6b, 0x60, 0xda, 0x20, 0x6a, 0x17, 0xf3,
    0x20, 0xf7, 0x68, 0x34, 0xb1, 0xe4, 0xa0, 0x42, 0xe0, 0xf0, 0x01, 0x4b,
    0x0f, 0xf4, 0x3f, 0x6d, 0x08, 0x73, 0x0f, 0x4d, 0xf2, 0x61, 0xa0, 0xdc,
    0x03, 0xd1, 0xfe, 0x63, 0x01, 0xf2, 0x02, 0xd0, 0x20, 0xf4, 0x20, 0x6b,
    0x60, 0xda, 0x0c, 0x4a, 0xff, 0xf7, 0x60, 0x9a, 0x00, 0xf0, 0x1f, 0x6a,
    0x6c, 0xea, 0x30, 0x6d, 0x2d, 0xf0, 0xff, 0x4d, 0x6c, 0xed, 0x17, 0x72,
    0x20, 0x6b, 0x14, 0xf0, 0x01, 0x6a, 0x04, 0x61, 0x4d, 0xc3, 0x01, 0xf2,
    0x4d, 0xf0, 0x12, 0x10, 0x0f, 0x61, 0x06, 0x72, 0x0a, 0x6e, 0x01, 0x6a,
    0x20, 0x6c, 0x14, 0xf0, 0x06, 0x75, 0x4d, 0xf0, 0x4d, 0xc3, 0x01, 0xf2,
    0xd8, 0xcc, 0x80, 0xf7, 0x14, 0xf0, 0x04, 0x61, 0x01, 0xf2, 0x20, 0x6c,
    0x01, 0xf2, 0x4c, 0xc4, 0x31, 0x2c, 0x8d, 0xa3, 0x20, 0x6f, 0x14, 0xf0,
    0x30, 0x6e, 0x00, 0xf0, 0x00, 0x4f, 0x60, 0xf2, 0xe0, 0xf0, 0x4f, 0x46,
    0xac, 0xea, 0x08, 0x9f, 0x1f, 0xf7, 0x50, 0x33, 0x0f, 0x4a, 0x20, 0x6a,
    0x6d, 0xea, 0x0c, 0xea, 0x48, 0xdf, 0xe0, 0xf0, 0x20, 0x6a, 0x17, 0xf3,
    0x20, 0xf4, 0x00, 0x6f, 0xe0, 0xdb, 0x6c, 0x42, 0x25, 0x6b, 0x00, 0xf0,
    0x00, 0x4b, 0x11, 0xf6, 0xe4, 0x42, 0x00, 0xf2, 0xff, 0xf7, 0x60, 0xdf,
    0x93, 0xf1, 0x3f, 0x6b, 0x75, 0xe5, 0x1f, 0x4b, 0x00, 0xf7, 0x3e, 0x2d,
    0x1f, 0x4e, 0x6c, 0x42, 0x20, 0xf3, 0xc0, 0xdb, 0x00, 0xf7, 0x36, 0x6b,
    0xc0, 0xf3, 0x10, 0x4a, 0x60, 0xda, 0x18, 0x4b, 0x01, 0x6b, 0x32, 0x10,
    0x20, 0x6a, 0x14, 0xf0, 0x60, 0xc2, 0x01, 0xf2, 0x20, 0x6a, 0x17, 0xf3,
    0x60, 0x42, 0x10, 0xf2, 0x14, 0x4a, 0x00, 0xf2, 0x00, 0x9a, 0xe0, 0x9b,
    0x00, 0x6b, 0x00, 0x6e, 0x20, 0x6a, 0x14, 0xf0, 0xe2, 0xf0, 0x05, 0x5b,
    0x69, 0xe2, 0x04, 0x4a, 0x00, 0xd2, 0x38, 0x67, 0x27, 0x67, 0x06, 0x21,
    0x19, 0x65, 0x26, 0xee, 0x3f, 0x69, 0x58, 0x67, 0x28, 0x46, 0x05, 0x10,
    0x50, 0x67, 0xea, 0x49, 0x3f, 0x69, 0x46, 0xe9, 0x00, 0x92, 0x4c, 0xe9,
    0x20, 0xc2, 0x06, 0x4e, 0x20, 0x6a, 0x14, 0xf0, 0x1c, 0x4a, 0xc2, 0xf0,
    0x01, 0x4b, 0x49, 0xe3, 0x08, 0x73, 0x3f, 0x69, 0xde, 0x61, 0x20, 0xc2,
    0x42, 0x24, 0x9d, 0x17, 0x20, 0x6a, 0x17, 0xf3, 0x8c, 0x42, 0x00, 0xf2,
    0x05, 0x6b, 0xa0, 0x9c, 0xac, 0xeb, 0x6b, 0xeb, 0x80, 0xf7, 0x60, 0xdc,
    0x80, 0x9d, 0xa0, 0x42, 0x3c, 0x6b, 0xff, 0xf7, 0x6c, 0xec, 0xff, 0x4b,
    0x80, 0xf7, 0x80, 0xdd, 0x80, 0x9a, 0x04, 0x4a, 0x8c, 0xeb, 0x06, 0x6d,
    0x00, 0x6a, 0x60, 0xda, 0x20, 0x6c, 0x17, 0xf3, 0xc8, 0x44, 0xa0, 0xf7,
    0xcd, 0xe3, 0x48, 0x33, 0x14, 0xf0, 0xc0, 0x9b, 0x21, 0xf2, 0x20, 0x6b,
    0x6d, 0xe2, 0x0c, 0x4b, 0xc2, 0x36, 0xc0, 0xf6, 0xc0, 0xc3, 0x04, 0x5a,
    0x20, 0x6b, 0x14, 0xf0, 0x01, 0xf2, 0xd8, 0x67, 0x06, 0x26, 0x04, 0x4b,
    0x1c, 0x4c, 0x00, 0xf2, 0x4d, 0xe3, 0x80, 0x9c, 0x07, 0x10, 0x86, 0xed,
    0x00, 0x4c, 0x20, 0xf2, 0xc8, 0x45, 0x80, 0x9c, 0x4d, 0xe3, 0xea, 0x4e,
    0x3f, 0x6e, 0x86, 0xee, 0xcc, 0xec, 0x01, 0x4a, 0x80, 0xc3, 0x08, 0x72,
    0xd6, 0x61, 0x06, 0x4d, 0x02, 0x90, 0x03, 0x91, 0x02, 0x63, 0x00, 0x6a,
    0x00, 0x65, 0x20, 0xe8, 0x05, 0xd1, 0xfd, 0x63, 0x17, 0xf3, 0x04, 0xd0,
    0x45, 0x9b, 0x20, 0x6b, 0x17, 0xf3, 0x00, 0xd2, 0x82, 0x67, 0x21, 0x6a,
    0x14, 0x4c, 0x10, 0xf0, 0x7c, 0x9b, 0x80, 0x9c, 0x10, 0x4a, 0x70, 0xf0,
    0x01, 0xd4, 0xe0, 0x9a, 0x00, 0x6a, 0x02, 0xd3, 0x20, 0x6b, 0x14, 0xf0,
    0x03, 0x67, 0x04, 0x5a, 0x20, 0x6d, 0x14, 0xf0, 0x48, 0x34, 0x78, 0x67,
    0x40, 0xf1, 0x54, 0x31, 0xa0, 0xf7, 0x00, 0x48, 0x17, 0x23, 0x08, 0x4d,
    0x6d, 0xe0, 0x2d, 0xe4, 0x00, 0x90, 0xc1, 0xa3, 0x01, 0x4c, 0x87, 0x42,
    0x1e, 0x65, 0x06, 0xec, 0x41, 0x69, 0x01, 0x6c, 0x2b, 0xe9, 0x8c, 0xe8,
    0x18, 0x30, 0xd8, 0x67, 0x0d, 0xe9, 0xcc, 0xe9, 0x62, 0x42, 0x21, 0xc3,
    0x75, 0xe5, 0x68, 0x33, 0x66, 0xea, 0x02, 0x93, 0x2d, 0xe4, 0x17, 0x10,
    0x21, 0xa3, 0x6d, 0xe0, 0x84, 0x42, 0x01, 0x90, 0x06, 0xec, 0x19, 0x65,
    0x01, 0x6c, 0x41, 0x69, 0x2b, 0xe9, 0x8c, 0xe8, 0x18, 0x30, 0xd8, 0x67,
    0x0d, 0xe9, 0xcc, 0xe9, 0x62, 0x42, 0x21, 0xc3, 0x75, 0xe5, 0x68, 0x33,
    0x6c, 0x42, 0x27, 0x67, 0x71, 0x67, 0x26, 0xeb, 0x6c, 0xec, 0x00, 0xa5,
    0x6b, 0xeb, 0x03, 0x6b, 0x0c, 0xeb, 0x84, 0x34, 0x6d, 0xec, 0x01, 0x4a,
    0x80, 0xc5, 0x08, 0x72, 0x05, 0x91, 0xb9, 0x61, 0x00, 0x6a, 0x04, 0x90,
    0x20, 0xe8, 0x03, 0x63, 0x03, 0xd1, 0xfe, 0x63, 0xff, 0x6a, 0x02, 0xd0,
    0x17, 0xf3, 0x4c, 0xec, 0x00, 0xf6, 0x20, 0x6e, 0x14, 0xf0, 0x60, 0x46,
    0x88, 0x32, 0x20, 0x68, 0xae, 0xa8, 0x01, 0xf2, 0x60, 0x9a, 0x69, 0xe2,
    0x45, 0x67, 0x84, 0x31, 0x40, 0xf4, 0x47, 0xe9, 0x4e, 0xeb, 0x62, 0x33,
    0x4c, 0xeb, 0x03, 0x6a, 0x1f, 0x6f, 0xff, 0xf7, 0xec, 0xeb, 0x01, 0xd3,
    0x66, 0x33, 0x1b, 0x65, 0x44, 0xec, 0x43, 0x67, 0x00, 0xd2, 0x40, 0x32,
    0x01, 0x6a, 0x78, 0x67, 0x44, 0xec, 0x6c, 0xea, 0x00, 0x94, 0x01, 0x93,
    0x08, 0x4e, 0x00, 0xf1, 0x8d, 0xea, 0x64, 0xe9, 0x6e, 0xed, 0x4c, 0xef,
    0x03, 0x91, 0xe0, 0xde, 0xae, 0xc8, 0x01, 0xf2, 0x00, 0x6a, 0x02, 0x90,
    0x20, 0xe8, 0x02, 0x63, 0x09, 0x62, 0xfb, 0x63, 0x07, 0xd0, 0x08, 0xd1,
    0x24, 0x67, 0xff, 0x6b, 0x04, 0x59, 0x6c, 0xe9, 0x14, 0xf0, 0x0e, 0x60,
    0x80, 0xf7, 0x20, 0x6a, 0x6c, 0xec, 0x94, 0xa2, 0x08, 0x6c, 0x2a, 0xec,
    0x80, 0xf7, 0x03, 0x60, 0x6c, 0xec, 0x94, 0xa2, 0x94, 0xc2, 0x80, 0xf7,
    0x14, 0xf0, 0x0d, 0x10, 0x80, 0xf7, 0x20, 0x6a, 0x6c, 0xec, 0x95, 0xa2,
    0x08, 0x6c, 0x2a, 0xec, 0x80, 0xf7, 0x03, 0x60, 0x6c, 0xec, 0x95, 0xa2,
    0x95, 0xc2, 0x80, 0xf7, 0x38, 0x35, 0x28, 0x30, 0x87, 0x45, 0x17, 0xe5,
    0x20, 0x6a, 0x14, 0xf0, 0x10, 0x4a, 0xe0, 0xf7, 0x00, 0x6b, 0x31, 0x4c,
    0x60, 0xdc, 0x51, 0xe4, 0x20, 0x6c, 0x14, 0xf0, 0x14, 0x4c, 0x60, 0xf7,
    0x01, 0x6e, 0x91, 0xe0, 0x14, 0xf0, 0xc0, 0xdc, 0xc1, 0xf7, 0x20, 0x6c,
    0x91, 0xe0, 0x1c, 0x4c, 0x14, 0xf0, 0x60, 0xdc, 0xa1, 0xf7, 0x20, 0x6c,
    0x91, 0xe0, 0x1c, 0x4c, 0x14, 0xf0, 0x60, 0xdc, 0x49, 0xe5, 0x20, 0x6c,
    0x1c, 0x4c, 0xe1, 0xf7, 0xc4, 0xa2, 0x20, 0xf0, 0x60, 0xdc, 0x91, 0xe0,
    0x8b, 0xec, 0x51, 0x6c, 0x7f, 0x6c, 0x8c, 0xee, 0x20, 0xf0, 0xcc, 0xec,
    0x14, 0xf0, 0x84, 0xc2, 0x22, 0xf0, 0x20, 0x6a, 0x49, 0xe1, 0x0c, 0x4a,
    0x17, 0xf3, 0x60, 0xc2, 0x00, 0xf6, 0x20, 0x6b, 0x91, 0xe0, 0x80, 0x43,
    0xff, 0xf7, 0xa0, 0x9c, 0xff, 0x4a, 0x3a, 0x6a, 0x40, 0xdc, 0xac, 0xea,
    0x04, 0xd3, 0x91, 0x67, 0xd5, 0x08, 0x1f, 0x1a, 0x08, 0xf2, 0x04, 0x93,
    0x20, 0xf2, 0x02, 0x6a, 0x61, 0xe0, 0x10, 0x4b, 0x14, 0xf0, 0x40, 0xd8,
    0x01, 0xf2, 0x20, 0x6a, 0x09, 0x22, 0x4d, 0xa2, 0x20, 0x6a, 0x14, 0xf0,
    0x04, 0x4a, 0x01, 0xf2, 0xa0, 0xa2, 0x49, 0xe1, 0x1f, 0x1a, 0x91, 0x67,
    0x09, 0x97, 0xe2, 0x17, 0x07, 0x90, 0x08, 0x91, 0x05, 0x63, 0x00, 0x6a,
    0x00, 0x65, 0x00, 0xef, 0x0b, 0x62, 0xfa, 0x63, 0x09, 0xd0, 0x0a, 0xd1,
    0x64, 0x67, 0xff, 0x6d, 0x68, 0x32, 0xac, 0xeb, 0x14, 0xf0, 0x78, 0x31,
    0x04, 0xd2, 0x20, 0x68, 0x10, 0x48, 0xe0, 0xf7, 0x09, 0xe2, 0x4b, 0xe1,
    0x20, 0xf0, 0x07, 0x6c, 0x83, 0x67, 0x88, 0xc2, 0x06, 0xd5, 0x05, 0xd3,
    0xf0, 0x08, 0x1f, 0x1a, 0x14, 0xf0, 0x05, 0x93, 0x22, 0xf0, 0x20, 0x6a,
    0x64, 0x36, 0x18, 0x4a, 0x8d, 0xe6, 0x70, 0x34, 0xe1, 0xa3, 0x4d, 0xe3,
    0x1a, 0x65, 0x01, 0x6a, 0x58, 0x67, 0x06, 0x95, 0x4c, 0xed, 0xec, 0xea,
    0x20, 0x6a, 0x14, 0xf0, 0x18, 0x4a, 0x22, 0xf0, 0x01, 0x6d, 0x06, 0x2d,
    0xe1, 0xc3, 0xad, 0xef, 0xec, 0xed, 0xe0, 0xab, 0x91, 0xe6, 0xa0, 0xcb,
    0x60, 0xaa, 0x89, 0xe2, 0x20, 0x6c, 0x14, 0xf0, 0x8e, 0xac, 0x40, 0xf3,
    0x82, 0xeb, 0x66, 0x33, 0x14, 0xf0, 0x1b, 0x61, 0x61, 0xf5, 0x20, 0x6b,
    0xd9, 0xe3, 0x10, 0x4b, 0x00, 0xf4, 0x60, 0xae, 0x12, 0x60, 0x00, 0x5b,
    0x67, 0xe1, 0x04, 0x93, 0x20, 0xf0, 0x21, 0xe0, 0x40, 0x6b, 0x9a, 0xa0,
    0x81, 0xa2, 0x8d, 0xeb, 0x7a, 0xc0, 0x20, 0xf0, 0x6b, 0xeb, 0x02, 0x6b,
    0x61, 0xc2, 0x8c, 0xeb, 0x01, 0x6b, 0x80, 0xaa, 0x60, 0xca, 0x8c, 0xeb,
    0x0a, 0x91, 0x0b, 0x97, 0x00, 0x6a, 0x09, 0x90, 0x00, 0xef, 0x06, 0x63,
    0x20, 0x6a, 0x14, 0xf0, 0x00, 0x4a, 0x60, 0xf2, 0x74, 0x9a, 0xe0, 0xf0,
    0x20, 0x6c, 0x17, 0xf3, 0xe0, 0xf0, 0x7d, 0xdc, 0x17, 0xf3, 0xd8, 0x9a,
    0xa3, 0x67, 0x21, 0x6b, 0x14, 0x4d, 0x70, 0xf0, 0xe0, 0xf0, 0xc0, 0xdd,
    0xbc, 0xdc, 0xbc, 0x9a, 0xc0, 0x9a, 0x00, 0xf1, 0x70, 0xf0, 0xa3, 0x67,
    0xc0, 0xdd, 0x10, 0x4d, 0xa4, 0x9a, 0x00, 0xf1, 0x00, 0xf1, 0xbb, 0xdc,
    0xa3, 0x67, 0xc8, 0x9a, 0x0c, 0x4d, 0x70, 0xf0, 0x00, 0xf1, 0xc0, 0xdd,
    0xbe, 0xdc, 0xac, 0x9a, 0xd0, 0x9a, 0x00, 0xf1, 0x70, 0xf0, 0xa3, 0x67,
    0xc0, 0xdd, 0x18, 0x4d, 0xb4, 0x9a, 0x00, 0xf1, 0x14, 0x4b, 0x10, 0xf0,
    0x00, 0xf1, 0xa5, 0xdc, 0x40, 0xdb, 0x58, 0x9a, 0x00, 0x65, 0x20, 0xe8,
    0x07, 0x62, 0xfc, 0x63, 0x05, 0xd0, 0x06, 0xd1, 0x20, 0x6a, 0x17, 0xf3,
    0x48, 0x9a, 0x20, 0xf4, 0x20, 0x68, 0x14, 0xf0, 0x00, 0x48, 0x60, 0xf2,
    0xa8, 0xa0, 0xe0, 0xf0, 0x42, 0x32, 0x1f, 0x6b, 0x07, 0x6b, 0x6c, 0xea,
    0xac, 0xeb, 0x4c, 0x34, 0x03, 0x72, 0x8d, 0xeb, 0x68, 0xc0, 0xe0, 0xf0,
    0x04, 0x5a, 0x20, 0x60, 0x01, 0x72, 0x05, 0x60, 0x02, 0x5a, 0x0c, 0x60,
    0x11, 0x10, 0x1a, 0x61, 0x0f, 0x60, 0x05, 0x72, 0x05, 0x61, 0x05, 0x5a,
    0x0d, 0x60, 0x06, 0x72, 0x03, 0x60, 0x07, 0x72, 0x00, 0x69, 0x12, 0x10,
    0x82, 0xf3, 0x11, 0x10, 0x40, 0xf1, 0x08, 0x6a, 0x05, 0x69, 0x4e, 0xc8,
    0x02, 0x69, 0x0b, 0x10, 0x82, 0xf3, 0x09, 0x10, 0x40, 0xf1, 0x08, 0x6a,
    0x04, 0x69, 0x4e, 0xc8, 0x01, 0x69, 0x03, 0x10, 0xff, 0x17, 0x01, 0x10,
    0x61, 0x09, 0x1f, 0x1a, 0x20, 0x31, 0x00, 0xf6, 0x20, 0x6a, 0x07, 0xf0,
    0x17, 0xf3, 0x4d, 0xe9, 0x26, 0xdc, 0x20, 0x6c, 0x44, 0xa0, 0xe0, 0xf0,
    0x06, 0x91, 0x07, 0x97, 0x05, 0x90, 0x40, 0x33, 0x36, 0x6a, 0x08, 0xf0,
    0x50, 0xdc, 0x6d, 0xea, 0x04, 0x63, 0x00, 0x6a, 0x00, 0x65, 0x00, 0xef,
    0x07, 0x62, 0xfc, 0x63, 0x04, 0x05, 0x00, 0x6a, 0x04, 0xd2, 0x33, 0x6c,
    0x3b, 0x02, 0x1f, 0x1a, 0x00, 0x52, 0x04, 0x92, 0x32, 0x6b, 0x05, 0x60,
    0x20, 0x6a, 0x14, 0xf0, 0x78, 0xc2, 0x41, 0xf6, 0x29, 0x08, 0x1f, 0x1a,
    0x7c, 0x09, 0x1f, 0x1a, 0x38, 0x1a, 0x1f, 0x1a, 0x42, 0x1a, 0x1f, 0x1a,
    0x00, 0x6a, 0x07, 0x97, 0x00, 0xef, 0x04, 0x63, 0x20, 0x6d, 0x17, 0xf3,
    0x4c, 0x45, 0xe0, 0xf0, 0x10, 0x6a, 0x60, 0x9a, 0x4c, 0xee, 0xc3, 0x67,
    0x4d, 0xeb, 0x03, 0x26, 0x29, 0x10, 0x15, 0x6a, 0xe3, 0x67, 0x08, 0x6e,
    0x04, 0x6a, 0xcc, 0xef, 0x10, 0xf4, 0x30, 0x27, 0x40, 0x9a, 0x48, 0x45,
    0x01, 0x72, 0xcd, 0xeb, 0x4c, 0x45, 0x10, 0xf4, 0x17, 0x61, 0x40, 0x9a,
    0xce, 0xea, 0x01, 0x6e, 0xc4, 0x45, 0xf0, 0xf0, 0x01, 0x6f, 0x0a, 0x2a,
    0x40, 0xdc, 0xe1, 0xdc, 0x7f, 0x4d, 0x40, 0x9e, 0x42, 0xdc, 0x79, 0x4d,
    0x43, 0xdc, 0x40, 0x9d, 0x58, 0x67, 0x06, 0x10, 0x01, 0x6a, 0x41, 0xdc,
    0x40, 0x9e, 0x40, 0xdc, 0x00, 0x6a, 0x42, 0xdc, 0x01, 0x72, 0x04, 0x10,
    0x01, 0x61, 0x04, 0x6a, 0x17, 0xf3, 0x14, 0x6a, 0x10, 0xf4, 0x20, 0x6c,
    0x00, 0x6d, 0xc8, 0x44, 0x10, 0xf4, 0xa0, 0xde, 0x7f, 0x4c, 0xcc, 0x44,
    0xa0, 0xde, 0x6d, 0x4c, 0x20, 0xe8, 0x60, 0xdc, 0x09, 0x62, 0xfb, 0x63,
    0x1f, 0x1a, 0x04, 0x04, 0x00, 0x6b, 0xb4, 0x09, 0x04, 0x04, 0x08, 0x2a,
    0xf3, 0x00, 0x1f, 0x1a, 0x20, 0x6b, 0x17, 0xf3, 0x48, 0xdb, 0x00, 0xf4,
    0x09, 0x97, 0x62, 0x67, 0x05, 0x63, 0x43, 0x67, 0x00, 0x65, 0x00, 0xef,
    0x02, 0x24, 0x18, 0x6a, 0x18, 0x6a, 0x10, 0xf0, 0x20, 0x6b, 0x17, 0xf3,
    0xa0, 0x9a, 0x69, 0xe2, 0xa2, 0x37, 0xff, 0x6b, 0x06, 0x27, 0x6c, 0xef,
    0x3f, 0x6b, 0xff, 0xf7, 0x1f, 0x4b, 0xe0, 0xf0, 0x60, 0xda, 0xac, 0xeb,
    0x00, 0x6a, 0x88, 0x34, 0x64, 0xea, 0x01, 0x6b, 0x0d, 0x23, 0xec, 0xeb,
    0x68, 0x36, 0x8d, 0xe2, 0x75, 0xe6, 0x74, 0x33, 0x20, 0x6b, 0x14, 0xf0,
    0x00, 0x4b, 0x40, 0xf1, 0xc6, 0xa3, 0x6d, 0xe5, 0xcd, 0xed, 0x02, 0x6d,
    0xa4, 0x42, 0xa6, 0xc3, 0x64, 0xed, 0x01, 0x6b, 0x0d, 0x23, 0xec, 0xeb,
    0x68, 0x36, 0x8d, 0xe2, 0x75, 0xe6, 0x74, 0x33, 0x20, 0x6b, 0x14, 0xf0,
    0x00, 0x4b, 0x40, 0xf1, 0xc6, 0xa3, 0x6d, 0xe5, 0xcd, 0xed, 0x04, 0x6d,
    0x01, 0x4a, 0xa6, 0xc3, 0xda, 0x61, 0x04, 0x72, 0x20, 0xe8, 0x00, 0x6a,
    0x07, 0x62, 0xfc, 0x63, 0x05, 0xd0, 0x06, 0xd1, 0x8c, 0xe8, 0xff, 0x68,
    0x1f, 0x1a, 0x90, 0x67, 0x14, 0xf0, 0x00, 0x04, 0xa0, 0xf7, 0x20, 0x6d,
    0x01, 0x6b, 0x48, 0xa5, 0x6c, 0xea, 0x47, 0xe8, 0x08, 0x32, 0x0d, 0x2a,
    0x6d, 0xe2, 0x14, 0x33, 0x20, 0x6a, 0x14, 0xf0, 0x00, 0x4a, 0x40, 0xf1,
    0x46, 0xa2, 0x49, 0xe3, 0x01, 0x6a, 0x46, 0x33, 0x5e, 0x22, 0x6c, 0xea,
    0x20, 0x6b, 0x14, 0xf0, 0x04, 0x36, 0x43, 0x67, 0x10, 0x4a, 0x61, 0xf5,
    0x40, 0xaa, 0x49, 0xe6, 0x00, 0x5a, 0x00, 0xf4, 0x08, 0x37, 0x53, 0x60,
    0x14, 0xf0, 0x18, 0x34, 0xef, 0xe4, 0x20, 0x6a, 0x10, 0x4a, 0xe0, 0xf7,
    0xb1, 0xa3, 0x4d, 0xe3, 0x65, 0x67, 0x01, 0x69, 0x1b, 0x65, 0x2c, 0xeb,
    0xff, 0x6b, 0xb8, 0x67, 0x16, 0x23, 0xac, 0xeb, 0x14, 0xf0, 0x14, 0x33,
    0x6d, 0xe7, 0x20, 0x6d, 0x00, 0x4d, 0x40, 0xf1, 0x61, 0xa3, 0xad, 0xe3,
    0x6c, 0xe9, 0x7a, 0x33, 0x10, 0x33, 0x0b, 0x21, 0x14, 0xf0, 0x6d, 0xe6,
    0x22, 0xf0, 0x20, 0x6e, 0xd9, 0xe3, 0x18, 0x4e, 0xe2, 0xf1, 0x63, 0xae,
    0x2c, 0x61, 0x18, 0x5b, 0x91, 0xe2, 0xf3, 0xe4, 0xca, 0xa4, 0x20, 0xf0,
    0x6b, 0xeb, 0x02, 0x6b, 0x20, 0xf0, 0x6c, 0xee, 0xd1, 0xa4, 0xca, 0xc4,
    0x20, 0x6d, 0x14, 0xf0, 0x08, 0x4d, 0xa0, 0xf7, 0x71, 0xc4, 0xcc, 0xeb,
    0x68, 0x33, 0x62, 0x40, 0x60, 0xa5, 0xb5, 0xe3, 0x10, 0x24, 0x7e, 0x34,
    0x01, 0x6c, 0x66, 0x33, 0x12, 0x2b, 0x8c, 0xeb, 0x20, 0x6d, 0x14, 0xf0,
    0x70, 0xad, 0x61, 0xf5, 0x00, 0x5b, 0x00, 0xf4, 0x71, 0xa2, 0x0b, 0x60,
    0xff, 0x6c, 0x8c, 0xeb, 0x06, 0x2b, 0x8c, 0xeb, 0xff, 0xe0, 0x18, 0x30,
    0x03, 0x6a, 0xfd, 0xe2, 0x48, 0xc7, 0x20, 0xf0, 0x06, 0x91, 0x07, 0x97,
    0x00, 0x6a, 0x05, 0x90, 0x00, 0xef, 0x04, 0x63, 0x07, 0x62, 0xfc, 0x63,
    0x05, 0xd0, 0x06, 0xd1, 0x20, 0x6a, 0x17, 0xf3, 0x01, 0x6d, 0x74, 0x9a,
    0x20, 0x6a, 0x14, 0xf0, 0x40, 0xf1, 0x6e, 0x33, 0xac, 0xeb, 0x00, 0x4a,
    0x60, 0xf0, 0x74, 0x34, 0x21, 0x6e, 0x6a, 0xa2, 0xcc, 0xeb, 0xcb, 0xee,
    0x60, 0xf0, 0x8d, 0xeb, 0x17, 0xf3, 0x6a, 0xc2, 0x50, 0xf0, 0x21, 0x6b,
    0x00, 0x68, 0x70, 0x9b, 0x6e, 0x33, 0x22, 0x67, 0xb4, 0x33, 0x6c, 0xed,
    0xba, 0xa2, 0xe0, 0xf0, 0x6d, 0xed, 0xcc, 0xed, 0xba, 0xc2, 0xe0, 0xf0,
    0x14, 0x35, 0x08, 0x32, 0x20, 0x4d, 0xb5, 0xe2, 0xb5, 0xe1, 0x90, 0x67,
    0x1f, 0x1a, 0x01, 0x48, 0x08, 0x70, 0xbd, 0x05, 0x07, 0x97, 0xf5, 0x61,
    0x05, 0x90, 0x06, 0x91, 0x04, 0x63, 0x00, 0x6a, 0x00, 0x65, 0x00, 0xef,
    0x05, 0x62, 0xfd, 0x63, 0x20, 0x6c, 0x14, 0xf0, 0x08, 0x4c, 0xa0, 0xf7,
    0x82, 0x04, 0x1f, 0x1a, 0x1f, 0x1a, 0x00, 0x6c, 0x01, 0x6c, 0xdf, 0x09,
    0xdf, 0x09, 0x1f, 0x1a, 0x00, 0x6a, 0x05, 0x97, 0x00, 0xef, 0x03, 0x63,
    0x05, 0x62, 0xfd, 0x63, 0xa5, 0x08, 0x1f, 0x1a, 0x3e, 0x0a, 0x1f, 0x1a,
    0x20, 0x6a, 0x14, 0xf0, 0x6e, 0xa2, 0xa0, 0xf7, 0x20, 0x6e, 0x14, 0xf0,
    0x00, 0x4e, 0x60, 0xf2, 0x48, 0x34, 0x7a, 0x32, 0x20, 0x6a, 0x14, 0xf0,
    0x00, 0x4a, 0x60, 0xf7, 0x40, 0x9a, 0x49, 0xe4, 0xb2, 0xae, 0x80, 0xf0,
    0x1f, 0x6c, 0xe1, 0xf7, 0x4c, 0xec, 0xfc, 0x4a, 0x00, 0x6a, 0x02, 0xf0,
    0xac, 0xea, 0x4b, 0xea, 0x80, 0xf0, 0x8d, 0xea, 0x6a, 0x34, 0x52, 0xce,
    0x72, 0x33, 0x03, 0x6a, 0x6c, 0xea, 0x4c, 0xec, 0x48, 0x33, 0x88, 0x35,
    0x20, 0x6c, 0x14, 0xf0, 0x20, 0x6a, 0x14, 0xf0, 0x00, 0x4c, 0x40, 0xf7,
    0x10, 0x4a, 0x40, 0xf7, 0x49, 0xe3, 0x91, 0xe5, 0x80, 0x9c, 0x40, 0x9a,
    0x80, 0xf0, 0x4d, 0xce, 0x05, 0x97, 0x8c, 0xc6, 0x03, 0x63, 0x00, 0x6a,
    0x00, 0x65, 0x00, 0xef, 0x05, 0x62, 0xfd, 0x63, 0x5a, 0x0a, 0x1f, 0x1a,
    0x63, 0x0a, 0x1f, 0x1a, 0x00, 0x6a, 0x05, 0x97, 0x00, 0xef, 0x03, 0x63,
    0x20, 0x6a, 0x14, 0xf0, 0x00, 0x4a, 0x60, 0xf2, 0xe6, 0xaa, 0xe0, 0xf0,
    0x21, 0x6b, 0x17, 0xf3, 0x20, 0x6d, 0x17, 0xf3, 0x10, 0x4b, 0x10, 0xf0,
    0x19, 0x77, 0x30, 0xf2, 0x80, 0x9b, 0xc4, 0x9d, 0xe0, 0xf0, 0x08, 0x61,
    0x46, 0x67, 0x3f, 0x6f, 0x44, 0xdd, 0xed, 0xea, 0xed, 0xea, 0x44, 0x67,
    0xe0, 0xf0, 0x16, 0x10, 0x4e, 0x32, 0x48, 0xa2, 0x13, 0x60, 0x04, 0x72,
    0x03, 0x60, 0x05, 0x52, 0x0f, 0x60, 0x01, 0x72, 0xfa, 0x4a, 0x20, 0xe8,
    0x14, 0x60, 0x02, 0x5a, 0x31, 0x6a, 0xff, 0xf7, 0xcc, 0xea, 0xff, 0x4a,
    0x1f, 0xf7, 0x44, 0xdd, 0xff, 0x4a, 0x21, 0x6a, 0x40, 0xdb, 0x8c, 0xea,
    0x1f, 0xf7, 0x20, 0xe8, 0xff, 0x4b, 0x21, 0x6b, 0x6c, 0xea, 0x44, 0x67,
    0x21, 0x6b, 0x17, 0xf3, 0x50, 0xdb, 0x10, 0xf0, 0x00, 0x65, 0x20, 0xe8,
    0x4c, 0xec, 0xff, 0x6a, 0x17, 0xf3, 0x88, 0x32, 0x00, 0xf6, 0x20, 0x6c,
    0x91, 0xe2, 0x00, 0x4c, 0xf1, 0x6a, 0x60, 0x9c, 0x6c, 0xea, 0x4b, 0xea,
    0x20, 0xe8, 0x40, 0xdc, 0x20, 0x6d, 0x17, 0xf3, 0x64, 0x45, 0x00, 0xf5,
    0xff, 0x6a, 0xc0, 0x9b, 0x18, 0xf0, 0x4c, 0xec, 0xff, 0x4a, 0x20, 0x6a,
    0x40, 0xdb, 0xcc, 0xea, 0x30, 0xf2, 0x88, 0x32, 0x91, 0xe2, 0x80, 0x45,
    0x06, 0xf0, 0xa0, 0x9c, 0x4b, 0xea, 0x01, 0x6a, 0x40, 0xdc, 0xac, 0xea,
    0x02, 0x6a, 0x08, 0xf2, 0x80, 0x9b, 0x40, 0xdc, 0x20, 0x6a, 0x08, 0xf0,
    0x40, 0xdb, 0x8d, 0xea, 0x00, 0x65, 0x20, 0xe8, 0x88, 0x33, 0x98, 0x32,
    0x14, 0xf0, 0x6f, 0xe2, 0xe0, 0xf7, 0x20, 0x6a, 0x49, 0xe3, 0x10, 0x4a,
    0x20, 0xf0, 0x07, 0x6b, 0x14, 0xf0, 0x68, 0xc2, 0x01, 0xf2, 0x20, 0x6a,
    0x01, 0x72, 0x4d, 0xa2, 0xfd, 0x63, 0x08, 0x61, 0x1f, 0x1a, 0x05, 0x62,
    0x05, 0x97, 0xac, 0x0a, 0x03, 0x63, 0x00, 0x6a, 0x00, 0x6a, 0x00, 0xef,
    0x00, 0x65, 0x20, 0xe8, 0x09, 0x62, 0xfb, 0x63, 0x07, 0xd0, 0x08, 0xd1,
    0x04, 0x67, 0xff, 0x6a, 0x62, 0x40, 0x4c, 0xe8, 0x20, 0x69, 0x14, 0xf0,
    0xa0, 0xf7, 0x68, 0x33, 0x2d, 0xe3, 0x08, 0x49, 0x04, 0x58, 0x61, 0xa3,
    0x7a, 0x33, 0xd8, 0x67, 0x05, 0x26, 0x4c, 0xeb, 0x20, 0x6c, 0x14, 0xf0,
    0x94, 0xa4, 0x80, 0xf7, 0x14, 0xf0, 0x04, 0x10, 0x80, 0xf7, 0x20, 0x6c,
    0x8c, 0xea, 0x95, 0xa4, 0x14, 0x34, 0x08, 0x35, 0x14, 0xf0, 0x9d, 0xe5,
    0x40, 0xf1, 0x20, 0x6c, 0x91, 0xe7, 0x00, 0x4c, 0xe1, 0xa4, 0x05, 0xd4,
    0x1f, 0x65, 0xea, 0x37, 0x01, 0x6f, 0x98, 0x67, 0x1c, 0x65, 0xec, 0xec,
    0x17, 0xf3, 0x60, 0x61, 0x00, 0xf6, 0x20, 0x6c, 0x49, 0xe5, 0x40, 0x44,
    0xf1, 0x6e, 0xe0, 0x9a, 0xcc, 0xef, 0xcb, 0xee, 0xed, 0xee, 0xc0, 0x6e,
    0xe0, 0x9a, 0xc0, 0xda, 0x01, 0x6e, 0x01, 0xf7, 0xcc, 0xef, 0xcb, 0xee,
    0x00, 0x6e, 0x01, 0xf4, 0xc0, 0xda, 0xed, 0xee, 0x20, 0x6a, 0x00, 0xf1,
    0x08, 0x4c, 0x00, 0xf1, 0x14, 0xf0, 0x44, 0xe8, 0x02, 0x73, 0x20, 0x6e,
    0xe0, 0xf7, 0x40, 0xdc, 0x18, 0x34, 0x10, 0x4e, 0xab, 0xe4, 0x22, 0x61,
    0x20, 0xf0, 0x49, 0xe6, 0x80, 0x6f, 0x64, 0xa2, 0xed, 0xeb, 0xeb, 0xef,
    0x64, 0xc2, 0x20, 0xf0, 0x5a, 0xa2, 0x20, 0xf0, 0x03, 0x6a, 0x4e, 0x33,
    0x01, 0x72, 0x6c, 0xea, 0x42, 0x40, 0x12, 0x61, 0x49, 0xe1, 0x48, 0x32,
    0x07, 0x6a, 0x60, 0xa2, 0x4c, 0xeb, 0x6a, 0x33, 0x4c, 0xeb, 0xff, 0x6a,
    0x78, 0x33, 0x68, 0x32, 0xc9, 0xe2, 0x4b, 0xe3, 0x64, 0xa2, 0x20, 0xf0,
    0x20, 0xf0, 0x6d, 0xef, 0xb7, 0xe4, 0xe4, 0xc2, 0x20, 0xf0, 0xb5, 0xe6,
    0x05, 0x6b, 0x5a, 0xa5, 0x68, 0xc5, 0x20, 0xf0, 0x03, 0x6a, 0x4e, 0x34,
    0x01, 0x72, 0x8c, 0xea, 0x02, 0x48, 0x6f, 0x61, 0x05, 0xe1, 0x08, 0x30,
    0x07, 0x6c, 0x40, 0xa1, 0x4c, 0xec, 0x4a, 0x32, 0x8c, 0xea, 0xff, 0x6a,
    0x58, 0x32, 0x48, 0x34, 0xd9, 0xe2, 0x8b, 0xe2, 0x68, 0xc6, 0x20, 0xf0,
    0x08, 0x72, 0x5f, 0x10, 0x41, 0xa1, 0x1e, 0x61, 0x1a, 0x65, 0x47, 0xe8,
    0x01, 0x6a, 0x98, 0x67, 0x0a, 0x2a, 0x8c, 0xea, 0x06, 0x61, 0x02, 0x5b,
    0x46, 0xa3, 0x05, 0x93, 0x4c, 0xef, 0x46, 0x32, 0x4e, 0x10, 0x03, 0x2f,
    0x4c, 0x61, 0x01, 0x73, 0x14, 0xf0, 0x05, 0x26, 0x80, 0xf7, 0x20, 0x6a,
    0x0b, 0x10, 0x14, 0xc2, 0x20, 0x6a, 0x14, 0xf0, 0x80, 0xf7, 0x08, 0x58,
    0x05, 0x61, 0x15, 0xc2, 0x08, 0x5a, 0x3f, 0x10, 0x0e, 0xea, 0x3d, 0x60,
    0x90, 0x67, 0x3b, 0x2a, 0x1f, 0x1a, 0x04, 0xd5, 0x04, 0x95, 0xef, 0x10,
    0x18, 0x32, 0x30, 0x2a, 0x14, 0xf0, 0xb7, 0xe2, 0xe2, 0x67, 0x20, 0x6a,
    0x10, 0x4f, 0xe0, 0xf7, 0x20, 0xf0, 0xf5, 0xe5, 0x02, 0x6c, 0x4a, 0xa5,
    0x02, 0x48, 0x8b, 0xec, 0x05, 0x6e, 0x8c, 0xea, 0x20, 0xf0, 0x08, 0x30,
    0x20, 0xf0, 0x4a, 0xc5, 0x05, 0xe1, 0xc8, 0xc5, 0x7e, 0x32, 0x60, 0xa1,
    0x20, 0xf0, 0x1d, 0x22, 0x4e, 0x35, 0x5a, 0xa5, 0xac, 0xea, 0x03, 0x6a,
    0x16, 0x61, 0x01, 0x72, 0x07, 0x6a, 0x6a, 0x33, 0xff, 0x6b, 0x6c, 0xea,
    0x68, 0x32, 0x4c, 0xeb, 0x4f, 0xe3, 0x78, 0x33, 0x20, 0xf0, 0xe9, 0xe3,
    0x20, 0xf0, 0x6a, 0xa2, 0x6c, 0xec, 0xc8, 0xc2, 0x8a, 0xc2, 0x20, 0xf0,
    0x01, 0x4a, 0x05, 0x10, 0x90, 0x67, 0x03, 0x2a, 0xbc, 0x0a, 0x1f, 0x1a,
    0x08, 0x91, 0x09, 0x97, 0x00, 0x6a, 0x07, 0x90, 0x00, 0xef, 0x05, 0x63,
    0x09, 0x62, 0xfb, 0x63, 0x07, 0xd0, 0x08, 0xd1, 0x20, 0x6d, 0x14, 0xf0,
    0x90, 0x31, 0x84, 0x33, 0x22, 0xf0, 0x29, 0xe3, 0xa9, 0xe2, 0x18, 0x4d,
    0x04, 0x67, 0xc1, 0xa2, 0x8b, 0xec, 0x02, 0x6c, 0x81, 0xc2, 0xcc, 0xec,
    0xe9, 0xa2, 0xc0, 0xaa, 0x8c, 0xee, 0x01, 0x6c, 0x01, 0x6e, 0xc0, 0xca,
    0xe9, 0xc2, 0xcd, 0xef, 0x04, 0xd3, 0xe4, 0xaa, 0x84, 0xca, 0xec, 0xec,
    0x08, 0x34, 0x18, 0x32, 0x14, 0xf0, 0x93, 0xe2, 0xe0, 0xf7, 0x20, 0x6a,
    0x49, 0xe4, 0x10, 0x4a, 0x8a, 0xa2, 0x20, 0xf0, 0x07, 0x6c, 0x8d, 0xee,
    0xca, 0xc2, 0x20, 0xf0, 0x88, 0xc2, 0x20, 0xf0, 0x20, 0x6a, 0x14, 0xf0,
    0x4d, 0xa2, 0x01, 0xf2, 0x04, 0x61, 0x01, 0x72, 0x0c, 0xec, 0xff, 0x6c,
    0xac, 0x0a, 0x1f, 0x1a, 0x0c, 0xec, 0xff, 0x6c, 0xf0, 0x08, 0x1f, 0x1a,
    0x20, 0x6a, 0x14, 0xf0, 0x10, 0x4a, 0x01, 0xf2, 0x01, 0x6a, 0x4d, 0xe0,
    0x04, 0x93, 0x40, 0xc3, 0x20, 0x6a, 0x14, 0xf0, 0x18, 0x4a, 0x22, 0xf0,
    0x01, 0xe2, 0x21, 0xe3, 0x01, 0x6a, 0x71, 0xa0, 0x6d, 0xea, 0x09, 0x97,
    0x68, 0xa8, 0x51, 0xc0, 0x08, 0x91, 0x01, 0x6a, 0x48, 0xc8, 0x6c, 0xea,
    0x00, 0x6a, 0x07, 0x90, 0x00, 0xef, 0x05, 0x63, 0x07, 0x62, 0xfc, 0x63,
    0x05, 0xd0, 0x06, 0xd1, 0x8c, 0xe8, 0xff, 0x68, 0x08, 0x31, 0x14, 0x32,
    0x14, 0xf0, 0x4d, 0xe1, 0x40, 0xf1, 0x20, 0x6a, 0x49, 0xe3, 0x00, 0x4a,
    0x4e, 0x33, 0x46, 0xa2, 0x6c, 0xea, 0x01, 0x6a, 0x04, 0x32, 0x18, 0x22,
    0x6d, 0xe2, 0x10, 0x33, 0x20, 0x6a, 0x14, 0xf0, 0x18, 0x4a, 0x22, 0xf0,
    0x61, 0xaa, 0x49, 0xe3, 0x00, 0x5b, 0x20, 0xf3, 0x83, 0xa2, 0x0c, 0x61,
    0x6b, 0xeb, 0x02, 0x6b, 0x63, 0xc2, 0x8c, 0xeb, 0x01, 0x6b, 0x81, 0xaa,
    0x61, 0xca, 0x8c, 0xeb, 0x1f, 0x1a, 0x90, 0x67, 0x18, 0x32, 0xbc, 0x0a,
    0x14, 0xf0, 0x27, 0xe2, 0xe0, 0xf7, 0x20, 0x6a, 0x45, 0xe1, 0x10, 0x4a,
    0x44, 0xa1, 0x20, 0xf0, 0x5e, 0x32, 0x90, 0x67, 0x1f, 0x1a, 0x21, 0x22,
    0x15, 0x2a, 0x47, 0x17, 0x10, 0x30, 0x04, 0x32, 0x14, 0xf0, 0x09, 0xe2,
    0x22, 0xf0, 0x20, 0x68, 0x01, 0xe2, 0x18, 0x48, 0x02, 0x6a, 0x63, 0xa0,
    0x6c, 0xea, 0x4b, 0xea, 0x61, 0xa8, 0x43, 0xc0, 0x6c, 0xea, 0x01, 0x6a,
    0x06, 0x6a, 0x41, 0xc8, 0x48, 0xc1, 0x20, 0xf0, 0x10, 0x72, 0x0b, 0x10,
    0x90, 0x67, 0x04, 0x61, 0x44, 0x0b, 0x1f, 0x1a, 0x11, 0x72, 0x05, 0x10,
    0x90, 0x67, 0x03, 0x61, 0xbc, 0x0a, 0x1f, 0x1a, 0x06, 0x91, 0x07, 0x97,
    0x00, 0x6a, 0x05, 0x90, 0x00, 0xef, 0x04, 0x63, 0x4c, 0xec, 0xff, 0x6a,
    0x20, 0x6a, 0x14, 0xf0, 0x4d, 0xa2, 0x01, 0xf2, 0x88, 0x32, 0x0f, 0x22,
    0x20, 0x6c, 0x17, 0xf3, 0x08, 0x4c, 0x80, 0xf7, 0x60, 0x9c, 0x91, 0xe2,
    0x20, 0x6a, 0x00, 0xf4, 0x6c, 0xea, 0xff, 0x4a, 0x20, 0x6b, 0x10, 0xf0,
    0x40, 0xdc, 0x6d, 0xea, 0x00, 0x65, 0x20, 0xe8, 0x0f, 0x62, 0xf8, 0x63,
    0x0d, 0xd0, 0x0e, 0xd1, 0x8c, 0xe8, 0xff, 0x68, 0x08, 0x31, 0x18, 0x32,
    0x20, 0x6d, 0x14, 0xf0, 0xe0, 0xf7, 0x2f, 0xe2, 0x04, 0xd2, 0x10, 0x4d,
    0x20, 0xf0, 0xad, 0xe3, 0x01, 0x6f, 0x99, 0xa3, 0xec, 0xec, 0x8e, 0x34,
    0x03, 0x24, 0xc0, 0xf0, 0x05, 0xd3, 0x90, 0x67, 0x07, 0xd7, 0x06, 0xd5,
    0xa0, 0x0b, 0x1f, 0x1a, 0x07, 0x97, 0x05, 0x93, 0x20, 0xf0, 0x06, 0x95,
    0x1c, 0x65, 0x9a, 0xa3, 0xec, 0xec, 0x8a, 0x34, 0xc2, 0x40, 0x73, 0x24,
    0x20, 0x6a, 0x14, 0xf0, 0xa0, 0xf7, 0xc8, 0x34, 0x51, 0xe4, 0x08, 0x4a,
    0xc0, 0xa4, 0x04, 0xd6, 0xec, 0xec, 0xc6, 0x34, 0x8c, 0xef, 0xff, 0x6f,
    0x20, 0x2f, 0x0a, 0xd7, 0x1e, 0x27, 0xde, 0x37, 0x98, 0x67, 0x03, 0x6f,
    0xf8, 0x67, 0x1f, 0x65, 0xec, 0xec, 0x8e, 0x34, 0x16, 0x61, 0x1c, 0x65,
    0x20, 0xf0, 0x02, 0x6a, 0xca, 0x36, 0x48, 0xc3, 0x6c, 0xee, 0x07, 0x6b,
    0x6c, 0xee, 0xff, 0x6b, 0x02, 0xee, 0xc8, 0x33, 0x7b, 0xe6, 0xd8, 0x36,
    0x05, 0x61, 0xb5, 0xe6, 0x68, 0xa5, 0x20, 0xf0, 0x80, 0xf0, 0x01, 0x73,
    0x20, 0xf0, 0x08, 0x60, 0x85, 0x10, 0x48, 0xc5, 0x14, 0xf0, 0x18, 0x33,
    0x3b, 0xe3, 0x20, 0x6c, 0x10, 0x4c, 0xe0, 0xf7, 0x20, 0xf0, 0xd9, 0xe4,
    0xae, 0x37, 0xba, 0xa6, 0xec, 0xed, 0x03, 0x6d, 0x06, 0x61, 0x01, 0x75,
    0x04, 0x27, 0x0a, 0x97, 0x20, 0xf0, 0x0a, 0x6a, 0x71, 0x10, 0x48, 0xc6,
    0x01, 0x6e, 0x81, 0xa2, 0xcc, 0xec, 0x87, 0xe8, 0x14, 0x30, 0x0c, 0x2c,
    0x14, 0xf0, 0x11, 0xe1, 0x40, 0xf1, 0x20, 0x68, 0x01, 0xe4, 0x00, 0x48,
    0x86, 0x36, 0x86, 0xa0, 0xcc, 0xec, 0x01, 0x6c, 0x03, 0x6c, 0x15, 0x24,
    0x8c, 0xed, 0x02, 0x4d, 0x8c, 0xed, 0xff, 0x6c, 0x06, 0x61, 0x02, 0x5d,
    0xa8, 0x34, 0x04, 0x95, 0x40, 0xa2, 0x89, 0xe2, 0x08, 0x2a, 0x5e, 0x32,
    0x20, 0x6e, 0x14, 0xf0, 0xe0, 0xf7, 0x27, 0xe3, 0x25, 0xe6, 0x10, 0x4e,
    0x07, 0x10, 0x04, 0x6a, 0x20, 0x6f, 0x14, 0xf0, 0xe0, 0xf7, 0x27, 0xe3,
    0x25, 0xe7, 0x10, 0x4f, 0x20, 0xf0, 0x07, 0x6a, 0x41, 0x10, 0x48, 0xc1,
    0x95, 0xe1, 0x14, 0x34, 0x20, 0x6c, 0x14, 0xf0, 0x00, 0x4c, 0x40, 0xf1,
    0x81, 0xa4, 0x91, 0xe5, 0xec, 0xec, 0x9a, 0x34, 0x82, 0x40, 0x29, 0x24,
    0x14, 0xf0, 0x88, 0x35, 0xa0, 0xf7, 0x20, 0x6c, 0x91, 0xe5, 0x08, 0x4c,
    0x9e, 0x35, 0x80, 0xa4, 0x86, 0x34, 0x1f, 0x2d, 0x1c, 0x27, 0x8c, 0xef,
    0x0f, 0x6c, 0xd1, 0xa3, 0xac, 0xec, 0xca, 0x35, 0x16, 0x60, 0x06, 0x74,
    0x10, 0x35, 0x04, 0x34, 0x14, 0xf0, 0xb5, 0xe4, 0x22, 0xf0, 0x20, 0x6c,
    0x91, 0xe5, 0x18, 0x4c, 0x01, 0x6d, 0xe7, 0xa4, 0xad, 0xef, 0xad, 0xee,
    0x43, 0xac, 0xe7, 0xc4, 0xff, 0x65, 0x01, 0x6f, 0xf8, 0x67, 0x1a, 0x65,
    0xec, 0xea, 0x5f, 0x67, 0xd1, 0xc3, 0x43, 0xcc, 0x14, 0xf0, 0x04, 0x92,
    0xe0, 0xf7, 0x20, 0x6b, 0x27, 0xe2, 0x10, 0x4b, 0x07, 0x6a, 0x25, 0xe3,
    0x48, 0xc1, 0x20, 0xf0, 0x1f, 0x1a, 0x90, 0x67, 0x0f, 0x97, 0xa5, 0x0a,
    0x0d, 0x90, 0x0e, 0x91, 0x08, 0x63, 0x00, 0x6a, 0x00, 0x65, 0x00, 0xef,
    0x09, 0x62, 0xfb, 0x63, 0x07, 0xd0, 0x08, 0xd1, 0x04, 0x67, 0xff, 0x6b,
    0x08, 0x32, 0x6c, 0xe8, 0x14, 0xf0, 0x18, 0x31, 0x57, 0xe1, 0x20, 0x6c,
    0x10, 0x4c, 0xe0, 0xf7, 0x04, 0xd2, 0x95, 0xe5, 0x48, 0xa5, 0x20, 0xf0,
    0x4d, 0x60, 0x04, 0x72, 0x0c, 0x60, 0x05, 0x5a, 0x45, 0x60, 0x01, 0x72,
    0x03, 0x72, 0x10, 0x22, 0x90, 0x67, 0x6c, 0x61, 0xb9, 0x0d, 0x1f, 0x1a,
    0x1f, 0x1a, 0x90, 0x67, 0x65, 0x10, 0xac, 0x0b, 0x45, 0x60, 0x06, 0x72,
    0x3f, 0x61, 0x06, 0x5a, 0x05, 0x60, 0x07, 0x72, 0x07, 0x6a, 0x5e, 0x10,
    0x48, 0xc5, 0x20, 0xf0, 0x90, 0x67, 0x5a, 0x10, 0x1f, 0x1a, 0x05, 0xd5,
    0x05, 0x95, 0x32, 0x09, 0x91, 0xa5, 0x0f, 0x6a, 0xcc, 0xea, 0x8a, 0x36,
    0x15, 0x61, 0x02, 0x72, 0x8c, 0xea, 0x01, 0x6a, 0x10, 0x33, 0x12, 0x2a,
    0x69, 0xe2, 0x04, 0x32, 0x20, 0x6b, 0x14, 0xf0, 0x18, 0x4b, 0x22, 0xf0,
    0xc7, 0xa3, 0x6d, 0xe2, 0x4d, 0xec, 0x01, 0x6a, 0xc7, 0xc3, 0x4d, 0xee,
    0x01, 0x6e, 0xe3, 0xab, 0xec, 0xee, 0x91, 0xc5, 0x04, 0x92, 0xc3, 0xcb,
    0x43, 0xe1, 0x01, 0x6b, 0x20, 0x6a, 0x14, 0xf0, 0x10, 0x4a, 0xe0, 0xf7,
    0x20, 0xf0, 0x01, 0xe2, 0x5a, 0x32, 0x5a, 0xa0, 0x2d, 0x22, 0x6c, 0xea,
    0x68, 0xc0, 0x20, 0xf0, 0x90, 0x67, 0x2a, 0x10, 0xfd, 0x09, 0x1f, 0x1a,
    0x90, 0x67, 0x26, 0x10, 0xca, 0x0a, 0x1f, 0x1a, 0x90, 0x67, 0x22, 0x10,
    0x70, 0x0b, 0x1f, 0x1a, 0x90, 0x67, 0x1e, 0x10, 0xf1, 0x17, 0x1f, 0x1a,
    0x04, 0x61, 0x13, 0x72, 0x1f, 0x1a, 0x90, 0x67, 0x15, 0x10, 0x44, 0x0b,
    0x13, 0x61, 0x12, 0x72, 0x20, 0x6a, 0x14, 0xf0, 0x4d, 0xa2, 0x01, 0xf2,
    0x03, 0x61, 0x01, 0x72, 0x1f, 0x1a, 0x90, 0x67, 0x04, 0x92, 0xac, 0x0a,
    0x14, 0xf0, 0x43, 0xe1, 0xe0, 0xf7, 0x20, 0x6a, 0x01, 0xe2, 0x10, 0x4a,
    0x20, 0xf0, 0x07, 0x6a, 0x09, 0x97, 0x48, 0xc0, 0x07, 0x90, 0x08, 0x91,
    0x05, 0x63, 0x00, 0x6a, 0x00, 0x65, 0x00, 0xef, 0x09, 0x62, 0xfb, 0x63,
    0x07, 0xd0, 0x08, 0xd1, 0x8c, 0xe8, 0xff, 0x68, 0x18, 0x32, 0x08, 0x33,
    0x20, 0x69, 0x14, 0xf0, 0xe0, 0xf7, 0x6b, 0xe2, 0x29, 0xe2, 0x10, 0x49,
    0x9a, 0xa2, 0x20, 0xf0, 0x9a, 0x34, 0x01, 0x6d, 0x78, 0x24, 0xac, 0xec,
    0x88, 0xa2, 0x20, 0xf0, 0x77, 0x61, 0x0a, 0x74, 0x20, 0x6e, 0x14, 0xf0,
    0x88, 0xa6, 0xa0, 0xf7, 0x87, 0xe8, 0x01, 0x6f, 0x10, 0x24, 0xec, 0xec,
    0xb9, 0xa2, 0x20, 0xf0, 0x8b, 0xec, 0x09, 0x6c, 0x20, 0xf0, 0xac, 0xec,
    0x03, 0x6c, 0x99, 0xc2, 0x88, 0xc2, 0x20, 0xf0, 0x90, 0x67, 0x00, 0x6d,
    0x1f, 0x1a, 0x04, 0xd3, 0x20, 0x10, 0xea, 0x03, 0x08, 0x4e, 0xa0, 0xf7,
    0x14, 0xf0, 0x81, 0xa6, 0x40, 0xf1, 0x20, 0x6e, 0x87, 0xe8, 0x00, 0x4e,
    0x14, 0x34, 0x8c, 0xef, 0x20, 0xf0, 0x17, 0x27, 0x03, 0x6d, 0xf9, 0xa2,
    0xec, 0xed, 0xab, 0xed, 0xb9, 0xc2, 0x20, 0xf0, 0x20, 0xf0, 0x04, 0x6d,
    0x89, 0xe3, 0xa8, 0xc2, 0xa1, 0xa4, 0x51, 0xe6, 0xad, 0xea, 0x04, 0x6a,
    0x00, 0x6d, 0x41, 0xc4, 0x04, 0xd3, 0x90, 0x67, 0x1a, 0x04, 0x1f, 0x1a,
    0x3d, 0x10, 0x04, 0x93, 0x91, 0xe6, 0x91, 0xe3, 0x86, 0x34, 0x86, 0xa4,
    0x37, 0x25, 0x8c, 0xed, 0xa4, 0xa2, 0x20, 0xf0, 0x1a, 0x2c, 0xbe, 0x34,
    0xad, 0xec, 0x80, 0x4c, 0xcb, 0xee, 0x10, 0x6e, 0xcc, 0xed, 0xa4, 0x67,
    0xad, 0xec, 0x09, 0x6c, 0xaa, 0xa2, 0x20, 0xf0, 0x84, 0xc2, 0x20, 0xf0,
    0xac, 0xec, 0x0f, 0x6c, 0xcd, 0xec, 0x50, 0x6e, 0x01, 0x6d, 0x26, 0xf0,
    0xa3, 0x4e, 0xb3, 0xca, 0xcc, 0xed, 0xa4, 0x67, 0xad, 0xec, 0x04, 0x6c,
    0x8a, 0xc2, 0x20, 0xf0, 0x10, 0x34, 0x04, 0x32, 0x14, 0xf0, 0x91, 0xe2,
    0x22, 0xf0, 0x20, 0x6a, 0x49, 0xe4, 0x18, 0x4a, 0x02, 0x6c, 0xa3, 0xa2,
    0xac, 0xec, 0x8b, 0xec, 0xa1, 0xaa, 0x83, 0xc2, 0xac, 0xec, 0x01, 0x6c,
    0x18, 0x32, 0x81, 0xca, 0x49, 0xe1, 0x6b, 0xe2, 0x01, 0x10, 0x05, 0x6c,
    0x20, 0xf0, 0x07, 0x6c, 0x18, 0x32, 0x88, 0xc2, 0x65, 0xe1, 0x6f, 0xe2,
    0x48, 0xa1, 0x20, 0xf0, 0x29, 0x60, 0x04, 0x72, 0x0c, 0x60, 0x05, 0x5a,
    0x21, 0x60, 0x01, 0x72, 0x03, 0x72, 0x50, 0x22, 0x90, 0x67, 0x51, 0x61,
    0xb9, 0x0d, 0x1f, 0x1a, 0x59, 0xa1, 0x20, 0xf0, 0x21, 0x10, 0x4e, 0x33,
    0x3a, 0x60, 0x06, 0x72, 0x34, 0x61, 0x06, 0x5a, 0x06, 0x60, 0x07, 0x72,
    0x42, 0x61, 0x0a, 0x72, 0x1f, 0x1a, 0x90, 0x67, 0x3e, 0x10, 0x00, 0x04,
    0x1f, 0x1a, 0x90, 0x67, 0x20, 0xf0, 0x32, 0x09, 0x5a, 0x33, 0x5a, 0xa1,
    0x6c, 0xea, 0x01, 0x6a, 0x0a, 0x6a, 0x35, 0x22, 0x90, 0x67, 0x31, 0x10,
    0xfd, 0x09, 0x1f, 0x1a, 0x90, 0x67, 0x2f, 0x10, 0xca, 0x0a, 0x1f, 0x1a,
    0x59, 0xa1, 0x20, 0xf0, 0x01, 0x6a, 0x46, 0x33, 0x26, 0x22, 0x6c, 0xea,
    0x20, 0xf0, 0x0a, 0x6a, 0x04, 0x32, 0x48, 0xc1, 0x09, 0xe2, 0x10, 0x30,
    0x20, 0x68, 0x14, 0xf0, 0x18, 0x48, 0x22, 0xf0, 0x6d, 0xa0, 0x01, 0xe2,
    0x6d, 0xea, 0x01, 0x6a, 0x66, 0xa8, 0x4d, 0xc0, 0x6c, 0xea, 0x01, 0x6a,
    0x12, 0x10, 0x46, 0xc8, 0x1f, 0x1a, 0x90, 0x67, 0x0e, 0x10, 0x70, 0x0b,
    0x1f, 0x1a, 0x90, 0x67, 0x13, 0x72, 0xf1, 0x17, 0x90, 0x67, 0x04, 0x61,
    0x44, 0x0b, 0x1f, 0x1a, 0x12, 0x72, 0x05, 0x10, 0x07, 0x6a, 0x03, 0x61,
    0x48, 0xc1, 0x20, 0xf0, 0x08, 0x91, 0x09, 0x97, 0x00, 0x6a, 0x07, 0x90,
    0x00, 0xef, 0x05, 0x63, 0x09, 0x62, 0xfb, 0x63, 0x07, 0xd0, 0x08, 0xd1,
    0x87, 0x0a, 0x1f, 0x1a, 0x20, 0x6b, 0x17, 0xf3, 0x1c, 0x4b, 0x00, 0xf1,
    0x1f, 0xf7, 0x20, 0x9b, 0xff, 0x4a, 0x21, 0x6a, 0x40, 0xdb, 0x2c, 0xea,
    0x82, 0x0a, 0x1f, 0x1a, 0x90, 0x67, 0x00, 0x68, 0x26, 0x15, 0x1f, 0x1a,
    0x18, 0x35, 0x08, 0x33, 0x20, 0x6a, 0x14, 0xf0, 0xe0, 0xf7, 0x73, 0xe5,
    0x51, 0xe4, 0x10, 0x4a, 0x8f, 0xa4, 0x20, 0xf0, 0x20, 0x2c, 0x9e, 0x34,
    0x20, 0x6c, 0x14, 0xf0, 0x00, 0x4c, 0x40, 0xf0, 0x46, 0xa4, 0xa0, 0xf0,
    0x4c, 0xee, 0x30, 0x6e, 0x80, 0xf0, 0x08, 0x26, 0x80, 0x6e, 0xf8, 0xa4,
    0xec, 0xee, 0xcb, 0xee, 0xcc, 0xef, 0xff, 0x6f, 0x08, 0x6e, 0x0f, 0x2f,
    0x07, 0x26, 0x4c, 0xee, 0xd8, 0xa4, 0x80, 0xf0, 0x8c, 0xee, 0x40, 0x6c,
    0xcc, 0xec, 0xff, 0x6c, 0xff, 0x6c, 0x05, 0x2c, 0x84, 0xe8, 0x02, 0x4c,
    0x04, 0x24, 0x2c, 0xec, 0x1f, 0x1a, 0x90, 0x67, 0x57, 0x10, 0x44, 0x0b,
    0x20, 0x6e, 0x00, 0xf1, 0x2c, 0xee, 0xc4, 0xe8, 0x14, 0xf0, 0x16, 0x26,
    0x01, 0xf2, 0x20, 0x6e, 0xd9, 0xe0, 0x10, 0x4e, 0x20, 0x6a, 0x14, 0xf0,
    0xe0, 0xf7, 0x80, 0xc6, 0x73, 0xe5, 0x10, 0x4a, 0x20, 0xf0, 0x91, 0xe2,
    0x02, 0x6e, 0xea, 0xa4, 0xec, 0xee, 0xcb, 0xee, 0xca, 0xc4, 0x20, 0xf0,
    0x20, 0xf0, 0x07, 0x6e, 0x82, 0x40, 0xc8, 0xc4, 0x14, 0xf0, 0x88, 0x36,
    0xa0, 0xf7, 0x20, 0x6c, 0x91, 0xe6, 0x08, 0x4c, 0x9a, 0x34, 0x81, 0xa4,
    0x05, 0x60, 0x01, 0x74, 0x90, 0x67, 0x08, 0x24, 0x1c, 0x0c, 0x1f, 0x1a,
    0x90, 0x67, 0x2c, 0x10, 0x63, 0x0c, 0x1f, 0x1a, 0x90, 0x67, 0x28, 0x10,
    0x04, 0xd5, 0x05, 0xd3, 0xfa, 0x03, 0x1f, 0x1a, 0x04, 0x95, 0x05, 0x93,
    0x20, 0x6a, 0x14, 0xf0, 0x10, 0x4a, 0xe0, 0xf7, 0xb5, 0xe2, 0x77, 0xe5,
    0x20, 0x6a, 0x14, 0xf0, 0x0c, 0x4a, 0x22, 0xf0, 0x49, 0xe0, 0x00, 0x6c,
    0x88, 0xc5, 0x20, 0xf0, 0x90, 0x67, 0x80, 0xc2, 0x1f, 0x1a, 0x05, 0xd3,
    0x90, 0x67, 0xf0, 0x08, 0xa5, 0x0a, 0x1f, 0x1a, 0x17, 0xf3, 0x05, 0x93,
    0x00, 0xf6, 0x20, 0x6a, 0x4d, 0xe3, 0x00, 0x4a, 0x10, 0x6a, 0x80, 0x9b,
    0x8c, 0xea, 0x4b, 0xea, 0x01, 0x48, 0x40, 0xdb, 0x0e, 0xec, 0x08, 0x6c,
    0x11, 0x2c, 0x7f, 0xf7, 0x20, 0x6d, 0x14, 0xf0, 0x5c, 0x9d, 0x41, 0xf2,
    0x14, 0xf0, 0x20, 0x22, 0x01, 0xf2, 0x20, 0x6a, 0x1b, 0x22, 0x4c, 0xa2,
    0x20, 0x6b, 0x14, 0xf0, 0x59, 0xa3, 0x01, 0xf2, 0x12, 0x61, 0x04, 0x5a,
    0x99, 0xc3, 0x01, 0xf2, 0x20, 0x6b, 0x17, 0xf3, 0x9c, 0xdd, 0x41, 0xf2,
    0x04, 0x4b, 0x00, 0xf5, 0x18, 0xf0, 0x80, 0x9b, 0xff, 0x4a, 0x20, 0x6a,
    0x08, 0xf0, 0x8c, 0xea, 0x8d, 0xea, 0x20, 0x6c, 0x03, 0x10, 0x40, 0xdb,
    0x01, 0xf2, 0x01, 0x4a, 0x14, 0xf0, 0x59, 0xc3, 0x1f, 0x1a, 0x20, 0x68,
    0x1f, 0x1a, 0x29, 0x17, 0x01, 0xf2, 0x7c, 0x1b, 0x32, 0x5a, 0x58, 0xa0,
    0x03, 0x61, 0x01, 0x4a, 0x78, 0x19, 0x1f, 0x1a, 0x01, 0xf2, 0x00, 0x6a,
    0x09, 0x97, 0x58, 0xc0, 0x07, 0x90, 0x08, 0x91, 0x05, 0x63, 0x00, 0x6a,
    0x00, 0x65, 0x00, 0xef, 0x4c, 0xec, 0xff, 0x6a, 0x20, 0x6a, 0x14, 0xf0,
    0x4d, 0xa2, 0xa0, 0xf7, 0x47, 0xec, 0x01, 0x6b, 0x1e, 0x22, 0x6c, 0xea,
    0x98, 0x34, 0x88, 0x32, 0x14, 0xf0, 0x4b, 0xe4, 0xe0, 0xf7, 0x20, 0x6c,
    0x91, 0xe2, 0x10, 0x4c, 0x4b, 0xea, 0x01, 0x6a, 0x46, 0xcc, 0x71, 0xa4,
    0x47, 0xcc, 0x00, 0x6a, 0x4b, 0xea, 0x3d, 0x6a, 0x18, 0x6a, 0x4c, 0xeb,
    0x20, 0xf0, 0x6d, 0xea, 0x51, 0xc4, 0x6a, 0xa4, 0x6d, 0xea, 0x02, 0x6a,
    0x4a, 0xc4, 0x20, 0xf0, 0x20, 0xf0, 0x1c, 0x6a, 0x0c, 0x6a, 0x58, 0xc4,
    0x00, 0x65, 0x20, 0xe8, 0x01, 0xd1, 0xff, 0x63, 0xff, 0x6f, 0x00, 0xd0,
    0xec, 0xed, 0xa4, 0x67, 0xb8, 0x30, 0xa8, 0x31, 0x20, 0x6c, 0x14, 0xf0,
    0xe0, 0xf7, 0x2f, 0xe0, 0x8d, 0xe3, 0x10, 0x4c, 0x0f, 0x6e, 0x51, 0xa3,
    0xcc, 0xea, 0x4a, 0x32, 0x04, 0x72, 0xec, 0xea, 0x20, 0xf0, 0x06, 0x61,
    0x8d, 0xea, 0x9a, 0xa3, 0x5a, 0xc3, 0x20, 0xf0, 0xb4, 0x35, 0x63, 0x10,
    0x14, 0xf0, 0xb9, 0xe1, 0x40, 0xf1, 0x20, 0x6d, 0xb5, 0xe6, 0x00, 0x4d,
    0xa2, 0xa5, 0x20, 0xf0, 0x01, 0x6c, 0xe4, 0x67, 0x8c, 0xee, 0xba, 0x36,
    0xb6, 0x36, 0x47, 0x26, 0x03, 0x2e, 0x8c, 0xee, 0x8c, 0xee, 0xb2, 0x36,
    0x33, 0xe0, 0x24, 0x26, 0x91, 0xe7, 0xa7, 0x42, 0x0f, 0x6f, 0x07, 0x4d,
    0xff, 0x6b, 0xec, 0xed, 0x04, 0x5d, 0x6c, 0xed, 0x20, 0xf0, 0xb8, 0x67,
    0xa8, 0x36, 0x1a, 0xa4, 0x05, 0x6d, 0x0d, 0x4a, 0xab, 0xed, 0x4c, 0xef,
    0x4c, 0xef, 0x0d, 0x6a, 0xcd, 0xed, 0x0c, 0xed, 0x20, 0xf0, 0xec, 0xeb,
    0x6b, 0xeb, 0xba, 0xc4, 0xab, 0xa4, 0x20, 0xf0, 0x62, 0x33, 0xc0, 0xf7,
    0x7f, 0x6b, 0x7c, 0x32, 0x4d, 0xeb, 0xac, 0xeb, 0x6b, 0xc4, 0x20, 0xf0,
    0xae, 0x35, 0x2b, 0x10, 0x05, 0x6f, 0xac, 0xec, 0xba, 0xa3, 0x20, 0xf0,
    0x20, 0xf0, 0xeb, 0xef, 0x0b, 0x24, 0xcb, 0xa3, 0x4e, 0xec, 0x02, 0x6c,
    0x98, 0x67, 0x01, 0x5c, 0x88, 0x34, 0x47, 0x67, 0x8d, 0xea, 0xac, 0xea,
    0x5a, 0xc3, 0x20, 0xf0, 0xec, 0xed, 0x03, 0x10, 0xba, 0xc3, 0x20, 0xf0,
    0x4b, 0xea, 0x80, 0x6a, 0x20, 0xf0, 0x4d, 0xee, 0x0e, 0x10, 0xcb, 0xc3,
    0x9a, 0xa3, 0x20, 0xf0, 0x4b, 0xea, 0x05, 0x6a, 0x20, 0xf0, 0x8c, 0xea,
    0x20, 0xf0, 0x8b, 0xa3, 0x80, 0x6a, 0x5a, 0xc3, 0x8d, 0xea, 0x4b, 0xea,
    0x4b, 0xc3, 0x20, 0xf0, 0x00, 0x90, 0x01, 0x91, 0x01, 0x63, 0x00, 0x6a,
    0x00, 0x65, 0x20, 0xe8, 0xac, 0xec, 0xff, 0x6d, 0x88, 0x32, 0x98, 0x36,
    0x14, 0xf0, 0x4f, 0xe6, 0xe0, 0xf7, 0x20, 0x6e, 0xd9, 0xe3, 0x10, 0x4e,
    0xfa, 0xa6, 0x20, 0xf0, 0xea, 0x37, 0x01, 0x6b, 0x00, 0x6b, 0x6c, 0xef,
    0x71, 0xa6, 0x09, 0x27, 0x6a, 0x33, 0x0f, 0x6e, 0x0e, 0x4b, 0xcc, 0xeb,
    0xac, 0xeb, 0xcc, 0xeb, 0x78, 0x67, 0x04, 0x5b, 0x91, 0xe2, 0x94, 0x34,
    0x20, 0x6a, 0x14, 0xf0, 0x00, 0x4a, 0x40, 0xf1, 0xa1, 0xa2, 0x49, 0xe4,
    0x05, 0x6b, 0x68, 0x34, 0xac, 0xeb, 0x6b, 0xeb, 0x61, 0xc2, 0x8d, 0xeb,
    0x20, 0xe8, 0x00, 0x6a, 0x20, 0xe8, 0x00, 0x6a, 0x0b, 0x62, 0xfa, 0x63,
    0x09, 0xd0, 0x0a, 0xd1, 0x8c, 0xe8, 0xff, 0x68, 0x20, 0x6a, 0x14, 0xf0,
    0x61, 0xf5, 0x04, 0x33, 0x49, 0xe3, 0x10, 0x4a, 0x04, 0xd3, 0x90, 0x67,
    0x1f, 0x1a, 0x20, 0xaa, 0x08, 0x33, 0x4c, 0x0d, 0x14, 0xf0, 0x18, 0x32,
    0x77, 0xe2, 0x20, 0x6c, 0x10, 0x4c, 0xe0, 0xf7, 0x20, 0xf0, 0x95, 0xe5,
    0x1d, 0x5d, 0xb8, 0xa5, 0x09, 0x60, 0x20, 0xf5, 0xd7, 0xf7, 0xa8, 0x36,
    0x0d, 0xf6, 0x20, 0x6d, 0xb5, 0xe6, 0x08, 0x4d, 0x00, 0xed, 0xa0, 0x9d,
    0xb5, 0xe4, 0x77, 0xe2, 0xf9, 0xa5, 0x20, 0xf0, 0xcb, 0xee, 0x09, 0x6e,
    0x20, 0xf0, 0xec, 0xee, 0x20, 0xf0, 0xea, 0xa5, 0x03, 0x6e, 0xd9, 0xc5,
    0xec, 0xee, 0xcb, 0xee, 0xca, 0xc5, 0x20, 0xf0, 0x00, 0x6e, 0x04, 0x58,
    0xc7, 0xcd, 0xc6, 0xcd, 0x01, 0x61, 0x02, 0x6d, 0xa4, 0x37, 0x03, 0x6d,
    0x20, 0x6d, 0x14, 0xf0, 0x00, 0x4d, 0x20, 0xf0, 0x01, 0xa1, 0xa5, 0xe7,
    0x18, 0x65, 0x01, 0x6e, 0xcc, 0xed, 0xb8, 0x67, 0xac, 0xe8, 0xff, 0x68,
    0x14, 0xf0, 0x18, 0x65, 0x20, 0xf0, 0x20, 0x6d, 0x04, 0x60, 0x00, 0x4d,
    0x80, 0xf1, 0x00, 0xa9, 0x0f, 0x61, 0x10, 0x58, 0xe1, 0xa5, 0xf5, 0xe5,
    0x6f, 0xe2, 0x01, 0x6e, 0xc1, 0xc5, 0xed, 0xee, 0x01, 0x6f, 0xc0, 0xad,
    0xec, 0xee, 0x6d, 0xe4, 0x20, 0xf0, 0xc0, 0xcd, 0xe0, 0xf4, 0xf8, 0xc3,
    0x6f, 0xe2, 0x04, 0x10, 0x20, 0xf0, 0x6d, 0xe4, 0xaa, 0x35, 0xb9, 0xa3,
    0xc0, 0xf4, 0xcc, 0xed, 0x20, 0xf0, 0x1c, 0x25, 0xc0, 0xf4, 0xd8, 0xc3,
    0x04, 0x95, 0x18, 0x10, 0x19, 0xe5, 0x10, 0x30, 0x20, 0x68, 0x14, 0xf0,
    0x22, 0xf0, 0xb0, 0x67, 0xa1, 0xe6, 0x18, 0x4d, 0x01, 0x6d, 0xc1, 0xa0,
    0xa1, 0xc0, 0xcd, 0xed, 0x01, 0x6d, 0xc0, 0xa8, 0xa0, 0xc8, 0xcc, 0xed,
    0x20, 0x6d, 0x17, 0xf3, 0x10, 0x4d, 0x20, 0xf2, 0x68, 0xf2, 0xb5, 0xe3,
    0xc0, 0xdd, 0x1c, 0x6e, 0x14, 0xf0, 0x12, 0x6e, 0x21, 0xf2, 0x20, 0x6d,
    0x6f, 0xe2, 0xc9, 0xc5, 0x14, 0xf0, 0x10, 0x6e, 0x60, 0xf7, 0x20, 0x6d,
    0x6d, 0xe4, 0xd0, 0xdd, 0x60, 0xf4, 0x02, 0x6a, 0x04, 0x97, 0x08, 0x10,
    0x14, 0xf0, 0x10, 0x30, 0x19, 0xe7, 0x20, 0x6d, 0x20, 0x68, 0x14, 0xf0,
    0x18, 0x48, 0x22, 0xf0, 0x21, 0xf2, 0x01, 0xe6, 0xc0, 0xa8, 0xa9, 0xa5,
    0xc6, 0x36, 0x01, 0x4d, 0x80, 0xf4, 0xc2, 0xed, 0x6f, 0xe2, 0x1e, 0x60,
    0x20, 0xcb, 0x6d, 0xe4, 0x40, 0xf4, 0x03, 0x6a, 0x04, 0x96, 0x10, 0x10,
    0x15, 0xe6, 0x10, 0x30, 0x20, 0x68, 0x14, 0xf0, 0x18, 0x48, 0x22, 0xf0,
    0x14, 0xf0, 0x01, 0xe5, 0x60, 0xf7, 0x20, 0x6d, 0x14, 0xf0, 0xd0, 0x9d,
    0xe0, 0xa8, 0x20, 0x6d, 0xa9, 0xa5, 0x21, 0xf2, 0xe6, 0x37, 0x02, 0x4e,
    0xa3, 0xef, 0xb5, 0xe6, 0x01, 0x61, 0x80, 0xf4, 0x6d, 0xe4, 0x6f, 0xe2,
    0x04, 0x6a, 0x21, 0xcb, 0x13, 0x10, 0x20, 0xf4, 0x10, 0x30, 0x04, 0x97,
    0x14, 0xf0, 0x15, 0xe7, 0x22, 0xf0, 0x20, 0x68, 0x01, 0xe5, 0x18, 0x48,
    0x20, 0x6d, 0x14, 0xf0, 0xc9, 0xa5, 0x21, 0xf2, 0x20, 0x6d, 0x14, 0xf0,
    0xb0, 0x9d, 0x60, 0xf7, 0xa4, 0x35, 0xe0, 0xa8, 0xe6, 0x37, 0xb5, 0xe6,
    0xa3, 0xef, 0x02, 0x4d, 0x03, 0x61, 0x60, 0xf4, 0x01, 0xe4, 0x63, 0xe2,
    0xa0, 0xa8, 0xe1, 0xa8, 0xfb, 0xe1, 0x22, 0xc8, 0x04, 0xd5, 0xb7, 0xe7,
    0x40, 0x55, 0xb7, 0xe6, 0x05, 0x60, 0x20, 0xf1, 0xff, 0xf7, 0x04, 0x95,
    0x20, 0xf1, 0x00, 0x55, 0xff, 0xf7, 0x00, 0x61, 0x00, 0xf1, 0x00, 0x56,
    0xe4, 0x35, 0x1c, 0x61, 0xfd, 0xe5, 0xec, 0x37, 0x04, 0x95, 0xe3, 0x37,
    0x20, 0x4f, 0xeb, 0x37, 0x20, 0xf4, 0xa2, 0xef, 0x24, 0x35, 0x15, 0x60,
    0xf5, 0xe5, 0x2c, 0x37, 0xab, 0x35, 0xa3, 0x35, 0xc2, 0xed, 0x20, 0x4d,
    0x80, 0xf3, 0x04, 0x61, 0x20, 0xf4, 0x19, 0x59, 0x6f, 0xe2, 0x0c, 0x60,
    0x06, 0x6a, 0x6d, 0xe4, 0x6f, 0xe2, 0xec, 0x13, 0x20, 0x6a, 0x14, 0xf0,
    0x60, 0xf7, 0x6d, 0xe4, 0x1d, 0xf2, 0x90, 0x9a, 0xa1, 0xab, 0x00, 0x6a,
    0xc0, 0xab, 0x58, 0xec, 0xdb, 0xe5, 0x82, 0xab, 0xb7, 0xe4, 0x8c, 0x37,
    0xdb, 0xea, 0x12, 0xea, 0xe5, 0xe8, 0x01, 0x2e, 0x47, 0xcb, 0x12, 0xea,
    0xe9, 0xe2, 0x84, 0x32, 0x4b, 0x32, 0x43, 0x32, 0xa2, 0xea, 0x20, 0x4a,
    0xab, 0xe6, 0x0b, 0x60, 0x01, 0x52, 0x40, 0xf1, 0xc0, 0xf3, 0x07, 0x6a,
    0xd7, 0xe5, 0x0a, 0x60, 0x00, 0xf4, 0x40, 0x55, 0x09, 0x10, 0x0e, 0x60,
    0x19, 0x5c, 0x80, 0xf3, 0x09, 0x60, 0x00, 0xf4, 0x14, 0xf0, 0x01, 0x6c,
    0x21, 0xf2, 0x20, 0x6a, 0x11, 0x6a, 0x88, 0xc2, 0x6f, 0xe2, 0xba, 0x13,
    0x41, 0xa9, 0x65, 0xe4, 0x20, 0x6b, 0x14, 0xf0, 0xa0, 0xa9, 0xc2, 0xa9,
    0xf0, 0x9b, 0x60, 0xf7, 0xb7, 0xe2, 0x90, 0x67, 0x1f, 0x1a, 0x5b, 0xe6,
    0xa8, 0xa9, 0x1f, 0x05, 0x1f, 0x6b, 0xe0, 0xf3, 0x3f, 0x6b, 0x6c, 0xea,
    0xac, 0xeb, 0x58, 0x34, 0x28, 0x5a, 0x8d, 0xeb, 0x11, 0x6a, 0x68, 0xc9,
    0x15, 0x60, 0xc0, 0xf3, 0xd3, 0x13, 0x0a, 0x6a, 0x6d, 0xe4, 0x6f, 0xe2,
    0x3f, 0x6a, 0x88, 0xab, 0xc0, 0x6a, 0x4c, 0xec, 0x48, 0xcb, 0x8d, 0xea,
    0x93, 0x13, 0x0a, 0x6a, 0x10, 0x30, 0x04, 0x96, 0x14, 0xf0, 0x15, 0xe6,
    0x22, 0xf0, 0x20, 0x68, 0x01, 0xe5, 0x18, 0x48, 0xaa, 0x5d, 0xa0, 0xa8,
    0x0f, 0x61, 0xc0, 0xf3, 0x6d, 0xe4, 0x6f, 0xe2, 0x0b, 0x6a, 0x2d, 0xcb,
    0x04, 0x97, 0x82, 0x13, 0x15, 0xe7, 0x10, 0x30, 0x20, 0x68, 0x14, 0xf0,
    0x18, 0x48, 0x22, 0xf0, 0xa0, 0xa8, 0x01, 0xe5, 0xa0, 0xf3, 0xba, 0x5d,
    0x7b, 0xe2, 0x1e, 0x61, 0xad, 0xae, 0xd9, 0xe4, 0x3f, 0xe5, 0x29, 0xce,
    0x80, 0xf0, 0x21, 0x57, 0xb7, 0xe1, 0x04, 0x60, 0x20, 0x49, 0x26, 0x31,
    0x7f, 0x61, 0xa2, 0xe9, 0x20, 0x6d, 0x17, 0xf3, 0x10, 0x4d, 0x20, 0xf2,
    0x68, 0xf2, 0xb5, 0xe3, 0x6f, 0xe2, 0x1c, 0x6e, 0x6d, 0xe4, 0xc0, 0xdd,
    0x5d, 0x13, 0x0c, 0x6a, 0x10, 0x30, 0x04, 0x96, 0x14, 0xf0, 0x15, 0xe6,
    0x22, 0xf0, 0x20, 0x68, 0x01, 0xe5, 0x18, 0x48, 0x60, 0xf1, 0xa0, 0xa8,
    0x80, 0xf3, 0x04, 0x5d, 0x6f, 0xe2, 0x18, 0x61, 0x2d, 0xcb, 0x6d, 0xe4,
    0x4b, 0x13, 0x0d, 0x6a, 0x10, 0x30, 0x04, 0x97, 0x14, 0xf0, 0x15, 0xe7,
    0x22, 0xf0, 0x20, 0x68, 0x01, 0xe5, 0x18, 0x48, 0x60, 0xf1, 0xa0, 0xa8,
    0x80, 0xf3, 0x14, 0x5d, 0x7b, 0xe2, 0x06, 0x61, 0xad, 0xae, 0xd9, 0xe4,
    0x3f, 0xe5, 0x2a, 0xce, 0x4d, 0x60, 0x21, 0x57, 0x26, 0x31, 0xb7, 0xe1,
    0xa2, 0xe9, 0x20, 0x49, 0x17, 0xf3, 0x48, 0x61, 0x20, 0xf2, 0x20, 0x6a,
    0x4d, 0xe3, 0x10, 0x4a, 0x0c, 0x6a, 0x48, 0xf2, 0x0e, 0x6a, 0x40, 0xdb,
    0x04, 0x96, 0x6f, 0x11, 0x15, 0xe6, 0x10, 0x30, 0x20, 0x68, 0x14, 0xf0,
    0x18, 0x48, 0x22, 0xf0, 0xa0, 0xa8, 0x01, 0xe5, 0x1e, 0x5d, 0x00, 0xf2,
    0x03, 0x61, 0x60, 0xf3, 0x6d, 0xe4, 0x6f, 0xe2, 0x0f, 0x6a, 0x2d, 0xcb,
    0x04, 0x97, 0x16, 0x13, 0x15, 0xe7, 0x10, 0x30, 0x20, 0x68, 0x14, 0xf0,
    0x18, 0x48, 0x22, 0xf0, 0xa0, 0xa8, 0x01, 0xe5, 0x0e, 0x5d, 0x20, 0xf2,
    0x11, 0x61, 0x40, 0xf3, 0xd9, 0xe4, 0x7b, 0xe2, 0x2b, 0xce, 0xad, 0xae,
    0x21, 0x57, 0x3f, 0xe5, 0x26, 0x37, 0x18, 0x60, 0x20, 0x4f, 0xb7, 0xe1,
    0x13, 0x61, 0xa2, 0xef, 0x23, 0xed, 0xa9, 0xae, 0x20, 0x6d, 0x17, 0xf3,
    0x10, 0x4d, 0x20, 0xf2, 0xb5, 0xe3, 0x04, 0x60, 0x1c, 0x6e, 0xe8, 0xf2,
    0xb5, 0xe3, 0x03, 0x10, 0x0c, 0x6e, 0x48, 0xf2, 0xc0, 0xdd, 0x6f, 0xe2,
    0x10, 0x6a, 0x6d, 0xe4, 0x6f, 0xe2, 0xea, 0x12, 0xba, 0x11, 0x6d, 0xe4,
    0x10, 0x30, 0x04, 0x96, 0x14, 0xf0, 0x15, 0xe6, 0x22, 0xf0, 0x20, 0x68,
    0x01, 0xe5, 0x18, 0x48, 0xc0, 0xf2, 0xa0, 0xa8, 0x20, 0xf3, 0x18, 0x5d,
    0x6f, 0xe2, 0x02, 0x61, 0x2d, 0xcb, 0x6d, 0xe4, 0xd5, 0x12, 0x15, 0x6a,
    0x20, 0x6d, 0x14, 0xf0, 0xc8, 0xa5, 0x21, 0xf2, 0x00, 0x6e, 0x05, 0x26,
    0xc8, 0xc5, 0x21, 0xf2, 0x12, 0x10, 0x3f, 0x6d, 0xd9, 0xe4, 0x7b, 0xe2,
    0x21, 0xae, 0xe2, 0xae, 0x2a, 0xef, 0x3f, 0x6d, 0x02, 0xf6, 0x0b, 0x60,
    0xfb, 0xe6, 0x00, 0x6e, 0xba, 0xee, 0x37, 0xe7, 0xe5, 0xe8, 0x01, 0x2d,
    0x1f, 0x6d, 0xff, 0xf7, 0xcc, 0xed, 0x12, 0xee, 0x20, 0x6e, 0x14, 0xf0,
    0x00, 0x4e, 0x21, 0xf2, 0x00, 0x6e, 0x01, 0xe6, 0x14, 0xf0, 0xc0, 0xc0,
    0x21, 0xf2, 0x20, 0x6e, 0x12, 0x76, 0xc9, 0xa6, 0x20, 0x6e, 0x14, 0xf0,
    0x04, 0x5d, 0x10, 0x61, 0x14, 0xf0, 0x05, 0x60, 0x60, 0xf7, 0x20, 0x6d,
    0x06, 0x10, 0xb0, 0x9d, 0x0b, 0x61, 0x12, 0x5d, 0x15, 0x60, 0x25, 0x5d,
    0xab, 0xed, 0x70, 0x6d, 0xbc, 0xc6, 0x01, 0xf2, 0x03, 0x5d, 0x21, 0x10,
    0x08, 0x5d, 0xf0, 0x61, 0x14, 0xf0, 0x0a, 0x60, 0x60, 0xf7, 0x20, 0x6f,
    0xa6, 0x35, 0xf0, 0x9f, 0xf8, 0xed, 0x01, 0x4d, 0xf0, 0x4d, 0x12, 0xed,
    0x13, 0x5d, 0xef, 0x17, 0x17, 0xf3, 0xea, 0x17, 0x20, 0xf2, 0x20, 0x6d,
    0xb5, 0xe3, 0x10, 0x4d, 0x1c, 0x6f, 0xe8, 0xf2, 0x7c, 0x6d, 0xe0, 0xdd,
    0xbc, 0xc6, 0x01, 0xf2, 0x20, 0x6d, 0x14, 0xf0, 0xb0, 0x9d, 0x60, 0xf7,
    0xa0, 0xc0, 0xa4, 0x35, 0x6d, 0xe4, 0x6f, 0xe2, 0x75, 0x12, 0x12, 0x6a,
    0x20, 0x6d, 0x14, 0xf0, 0x00, 0x4d, 0x21, 0xf2, 0xa0, 0xa0, 0x01, 0xe5,
    0x77, 0xe2, 0x04, 0x2d, 0xa0, 0xad, 0xb5, 0xe4, 0x77, 0xe2, 0x03, 0x10,
    0xa2, 0xad, 0xb5, 0xe4, 0x6d, 0xe4, 0x6f, 0xe2, 0x13, 0x6a, 0xa3, 0xcb,
    0x14, 0xf0, 0x62, 0x12, 0x01, 0xf2, 0x20, 0x6d, 0x06, 0xd5, 0xbc, 0xa5,
    0x20, 0x6d, 0x14, 0xf0, 0xd0, 0x9d, 0x60, 0xf7, 0x14, 0xf0, 0x06, 0x97,
    0x21, 0xf2, 0x20, 0x6d, 0xca, 0xef, 0x00, 0x4d, 0x1d, 0xe5, 0x07, 0x61,
    0x04, 0x2f, 0xe0, 0xa7, 0x6d, 0xe4, 0x6f, 0xe2, 0x0a, 0x10, 0x01, 0xab,
    0xc4, 0x36, 0x06, 0x97, 0x08, 0x61, 0xca, 0xef, 0xe0, 0xa7, 0x1d, 0xe5,
    0x6f, 0xe2, 0x05, 0x2f, 0x02, 0xab, 0x6d, 0xe4, 0x1f, 0x10, 0x04, 0xcb,
    0x10, 0x36, 0x04, 0x97, 0xd9, 0xe7, 0x01, 0xe5, 0x14, 0xf0, 0x04, 0xd6,
    0xe6, 0x67, 0x20, 0x6e, 0x22, 0xf0, 0x04, 0x96, 0xa0, 0xa0, 0x18, 0x4f,
    0xe0, 0xae, 0xf9, 0xe6, 0x04, 0xd7, 0xe6, 0x37, 0x20, 0x6f, 0x14, 0xf0,
    0xc9, 0xa7, 0x21, 0xf2, 0x04, 0x90, 0x06, 0x97, 0xb5, 0xe6, 0x02, 0x4e,
    0xc2, 0xe8, 0xf9, 0xe5, 0x0b, 0x61, 0x60, 0xf2, 0x6d, 0xe4, 0x6f, 0xe2,
    0x14, 0x6a, 0x24, 0xcb, 0x14, 0xf0, 0x1e, 0x12, 0x14, 0xf0, 0x20, 0x6e,
    0x01, 0xf2, 0x20, 0x6d, 0x60, 0xf7, 0xbc, 0xa5, 0x14, 0xf0, 0xf0, 0x9e,
    0x05, 0xd5, 0x20, 0x6e, 0x21, 0xf2, 0xae, 0xef, 0x08, 0x2f, 0x00, 0x4e,
    0xe0, 0xa7, 0x1d, 0xe6, 0x77, 0xe2, 0x05, 0x2f, 0xc2, 0xad, 0xb5, 0xe4,
    0x20, 0x10, 0xc5, 0xcd, 0x10, 0x37, 0x04, 0x95, 0xfd, 0xe5, 0x01, 0xe6,
    0x14, 0xf0, 0x04, 0xd7, 0xa7, 0x67, 0x20, 0x6f, 0x22, 0xf0, 0x04, 0x97,
    0xc0, 0xa0, 0x18, 0x4d, 0xe0, 0xaf, 0xbd, 0xe7, 0x20, 0x6d, 0x14, 0xf0,
    0xe6, 0x37, 0x05, 0x90, 0x21, 0xf2, 0x04, 0xd7, 0x04, 0x35, 0xe9, 0xa5,
    0xd9, 0xe7, 0x02, 0x4f, 0x04, 0x96, 0xb5, 0xe6, 0x20, 0xf2, 0xa2, 0xee,
    0x77, 0xe2, 0x12, 0x61, 0x25, 0xcd, 0xb5, 0xe4, 0xd9, 0xe4, 0x7b, 0xe2,
    0xe5, 0xae, 0x24, 0xae, 0x37, 0xe7, 0x03, 0xae, 0x04, 0xd7, 0x03, 0xe1,
    0x2c, 0x31, 0x24, 0x37, 0x23, 0x31, 0x25, 0xe7, 0x20, 0x49, 0x2b, 0x31,
    0x13, 0x60, 0x02, 0xe9, 0xe4, 0x31, 0x04, 0x97, 0xe5, 0xe1, 0xec, 0x37,
    0xeb, 0x37, 0x23, 0x37, 0xa2, 0xef, 0x20, 0x4f, 0xab, 0xe0, 0x10, 0x60,
    0x01, 0x52, 0x40, 0xf1, 0x10, 0x60, 0x16, 0x6a, 0x40, 0x55, 0x17, 0xe5,
    0x0c, 0x61, 0x17, 0x6a, 0xff, 0xf7, 0x0a, 0x10, 0x03, 0x60, 0x00, 0x50,
    0x00, 0x55, 0xff, 0xf7, 0x6f, 0xe2, 0x04, 0x61, 0x18, 0x6a, 0x6d, 0xe4,
    0x05, 0x6a, 0xba, 0x11, 0x58, 0xc6, 0x20, 0xf0, 0x04, 0x97, 0xfe, 0x11,
    0xb9, 0xe7, 0x10, 0x35, 0x20, 0x6d, 0x14, 0xf0, 0x18, 0x4d, 0x22, 0xf0,
    0xa0, 0xad, 0xb5, 0xe6, 0x08, 0x5d, 0xe0, 0xf2, 0x11, 0x61, 0xe0, 0xf1,
    0xd9, 0xe4, 0x7b, 0xe2, 0x2c, 0xce, 0xa9, 0xae, 0x05, 0x97, 0x05, 0xd5,
    0xa3, 0xef, 0xab, 0xae, 0xea, 0xae, 0x5d, 0x61, 0x5a, 0x61, 0x23, 0xef,
    0x07, 0xf5, 0x3f, 0xe7, 0x78, 0xef, 0x09, 0x6b, 0x12, 0xef, 0x5a, 0x6a,
    0x01, 0x2a, 0x5b, 0xef, 0x12, 0xef, 0xe5, 0xe8, 0x04, 0xd7, 0xfa, 0x37,
    0xff, 0xf7, 0xc8, 0xae, 0xda, 0x36, 0x1f, 0x6f, 0x14, 0x56, 0xec, 0xee,
    0x04, 0x96, 0x06, 0xd6, 0x05, 0x96, 0x09, 0x60, 0x78, 0xed, 0xb7, 0xe6,
    0x5b, 0xeb, 0x12, 0xeb, 0xe5, 0xe8, 0x01, 0x2a, 0xda, 0x36, 0x12, 0xee,
    0xff, 0xf7, 0x04, 0x97, 0xe9, 0xe6, 0x1f, 0x6d, 0x4c, 0xed, 0x46, 0x32,
    0x08, 0x32, 0x05, 0xd2, 0x4f, 0xe0, 0x18, 0x30, 0xa6, 0xcb, 0x6d, 0xe4,
    0x3f, 0xe3, 0x6d, 0xab, 0x26, 0x60, 0x21, 0x57, 0x24, 0x33, 0x7f, 0xe1,
    0x2d, 0xe3, 0x2c, 0x31, 0x6b, 0x33, 0x63, 0x33, 0xe2, 0xeb, 0x20, 0x4b,
    0x04, 0x93, 0x1d, 0x61, 0x02, 0x60, 0xc3, 0xeb, 0x02, 0x10, 0x7b, 0xe6,
    0xdb, 0xe7, 0x04, 0x97, 0x15, 0x5e, 0xe0, 0xf1, 0x12, 0x25, 0x13, 0x60,
    0x09, 0xe4, 0x43, 0xe0, 0x3e, 0xf4, 0x06, 0x90, 0x05, 0x95, 0x04, 0x6b,
    0xff, 0xf7, 0x78, 0xe8, 0xac, 0xeb, 0x1f, 0x6b, 0x7a, 0xec, 0x12, 0xec,
    0xe5, 0xe8, 0x01, 0x2b, 0x67, 0xca, 0x12, 0xeb, 0x03, 0x10, 0x19, 0x6b,
    0x09, 0xe4, 0x43, 0xe0, 0x20, 0xf0, 0x05, 0x6b, 0x8b, 0x11, 0x78, 0xc2,
    0x23, 0xed, 0x6f, 0xe2, 0x12, 0x60, 0x6d, 0xe4, 0xa3, 0xee, 0x05, 0x96,
    0xa0, 0xf0, 0x0f, 0x60, 0x06, 0xf2, 0x2c, 0x6a, 0xb7, 0xe1, 0x00, 0x4a,
    0x01, 0x2d, 0xba, 0xea, 0x12, 0xea, 0xe5, 0xe8, 0x01, 0x6a, 0x47, 0xcb,
    0x46, 0xcb, 0x4b, 0xea, 0x2d, 0x11, 0x19, 0x6a, 0x2b, 0x11, 0x05, 0x6a,
    0x65, 0xe4, 0x6f, 0xe2, 0x21, 0x22, 0x47, 0xa9, 0x14, 0xf0, 0x44, 0xa9,
    0xc5, 0xa9, 0x20, 0x6b, 0x01, 0xf2, 0xa3, 0xa9, 0x90, 0x67, 0xfc, 0xa3,
    0x5b, 0xe6, 0xb7, 0xe2, 0x1f, 0x05, 0x1f, 0x1a, 0xe0, 0xf3, 0xa8, 0xa9,
    0x6c, 0xea, 0x1f, 0x6b, 0x58, 0x34, 0x3f, 0x6b, 0x8d, 0xeb, 0xac, 0xeb,
    0x3e, 0xf4, 0x68, 0xc9, 0x78, 0xea, 0x04, 0x6b, 0x12, 0xeb, 0x47, 0xa9,
    0x01, 0x2a, 0x5a, 0xeb, 0x12, 0xea, 0xe5, 0xe8, 0x1a, 0x6a, 0x46, 0xc9,
    0x05, 0x6a, 0x3c, 0x11, 0x77, 0xe2, 0x3a, 0x11, 0xb5, 0xe4, 0x01, 0x6e,
    0xc6, 0xcd, 0xcb, 0xee, 0xc4, 0xad, 0xe3, 0xad, 0x04, 0x61, 0xca, 0xef,
    0x20, 0xf0, 0x05, 0x6a, 0x3f, 0x11, 0x58, 0xc5, 0x20, 0x6d, 0x14, 0xf0,
    0x00, 0x4d, 0x21, 0xf2, 0xa0, 0xa0, 0x01, 0xe5, 0x1f, 0x6d, 0x03, 0x25,
    0x02, 0x10, 0x0f, 0x68, 0x07, 0x68, 0x0f, 0x6d, 0x14, 0xf0, 0x6f, 0xe2,
    0x15, 0xe5, 0x20, 0x6a, 0x5c, 0xa2, 0x01, 0xf2, 0xac, 0x35, 0xa4, 0x30,
    0x40, 0x32, 0xb5, 0xe0, 0x58, 0xed, 0x0e, 0x4d, 0x6d, 0xe4, 0xfb, 0xe6,
    0xdb, 0xea, 0x12, 0xea, 0xe5, 0xe8, 0x01, 0x2e, 0x47, 0xcb, 0x12, 0xea,
    0xd5, 0x10, 0x1a, 0x6a, 0xd9, 0xe4, 0x7b, 0xe2, 0xa2, 0xae, 0xe5, 0xae,
    0x09, 0x68, 0x07, 0xf5, 0x1f, 0x6e, 0xff, 0xf7, 0x02, 0x60, 0xe3, 0xed,
    0x01, 0x10, 0xb7, 0xe7, 0x18, 0xed, 0xf7, 0xe5, 0x6f, 0xe2, 0xf0, 0x6d,
    0x1b, 0x6a, 0x6d, 0xe4, 0xbb, 0xef, 0x12, 0xef, 0xe5, 0xe8, 0x01, 0x2d,
    0xba, 0x35, 0x12, 0xed, 0xa6, 0xcb, 0xcc, 0xed, 0x7b, 0xe2, 0xba, 0x10,
    0xe6, 0xae, 0xd9, 0xe4, 0x06, 0x60, 0x7e, 0x5f, 0x3d, 0x6d, 0xf1, 0xa6,
    0xac, 0xef, 0xab, 0xed, 0x11, 0x10, 0x04, 0x6d, 0x8a, 0x48, 0x08, 0x47,
    0x1f, 0x6d, 0xff, 0xf7, 0xc0, 0xf7, 0xac, 0xe8, 0x0c, 0x60, 0x0f, 0x58,
    0xe0, 0xf3, 0x07, 0xae, 0x08, 0x60, 0x09, 0x58, 0x3d, 0x6d, 0xf1, 0xa6,
    0xac, 0xef, 0xab, 0xed, 0xed, 0xed, 0x0c, 0x6d, 0x90, 0x10, 0xb1, 0xc6,
    0xc3, 0x47, 0xbe, 0xf7, 0x40, 0xf6, 0xcc, 0xed, 0x0c, 0x60, 0x1a, 0x5d,
    0xb5, 0xe4, 0x77, 0xe2, 0xe0, 0xf3, 0xc7, 0xad, 0x06, 0x60, 0x09, 0x5e,
    0x3d, 0x6e, 0xf1, 0xa5, 0xcc, 0xef, 0xcb, 0xee, 0x39, 0x10, 0x10, 0x6e,
    0xa9, 0x47, 0x5e, 0xf1, 0x0d, 0x5d, 0x41, 0xf0, 0x77, 0xe2, 0x0c, 0x60,
    0xc7, 0xad, 0xb5, 0xe4, 0x09, 0x5e, 0xe0, 0xf3, 0xf1, 0xa5, 0x1d, 0x60,
    0xcb, 0xee, 0x3d, 0x6e, 0x14, 0x6e, 0xcc, 0xef, 0xe2, 0xf6, 0x28, 0x10,
    0x14, 0x61, 0x14, 0x5f, 0xb5, 0xe4, 0x77, 0xe2, 0xe0, 0xf3, 0xc7, 0xad,
    0x0e, 0x60, 0x09, 0x5e, 0x3d, 0x6e, 0xf1, 0xa5, 0xcc, 0xef, 0xcb, 0xee,
    0xed, 0xee, 0x18, 0x6e, 0xea, 0xa5, 0x20, 0xf0, 0x02, 0x6e, 0xd1, 0xc5,
    0x20, 0xf0, 0xed, 0xee, 0x56, 0x10, 0xca, 0xc5, 0xb5, 0xe4, 0x77, 0xe2,
    0x1f, 0xf4, 0xc7, 0xad, 0xff, 0xf7, 0xe7, 0x46, 0xec, 0xee, 0x1f, 0x6e,
    0x10, 0x6f, 0xd0, 0xf4, 0xd1, 0xa5, 0xe3, 0xee, 0xeb, 0xef, 0x3d, 0x6f,
    0x45, 0x60, 0xec, 0xee, 0xed, 0xee, 0x08, 0x6f, 0x7b, 0xe2, 0x42, 0x10,
    0xa6, 0xae, 0xd9, 0xe4, 0x10, 0x61, 0x7e, 0x5d, 0x1f, 0xf4, 0xa7, 0xae,
    0xff, 0xf7, 0xe7, 0x45, 0xec, 0xed, 0x1f, 0x6d, 0x10, 0x6f, 0xd0, 0xf4,
    0x06, 0x60, 0xe3, 0xed, 0x3d, 0x6d, 0xf1, 0xa6, 0xac, 0xef, 0xab, 0xed,
    0x9b, 0x17, 0x08, 0x6d, 0xb5, 0xe4, 0x77, 0xe2, 0x3d, 0x6e, 0xf1, 0xa5,
    0xec, 0xee, 0xcb, 0xee, 0x77, 0xe2, 0x26, 0x10, 0x26, 0xad, 0xb5, 0xe4,
    0x7e, 0x59, 0xf1, 0xa5, 0x3d, 0x6e, 0x07, 0x60, 0xcc, 0xef, 0xcb, 0xee,
    0x0d, 0xef, 0x04, 0x68, 0x1a, 0x10, 0xf1, 0xc5, 0xff, 0xf7, 0xc7, 0xad,
    0x1f, 0xf4, 0x1f, 0x68, 0xcc, 0xe8, 0x17, 0x4e, 0x10, 0x6e, 0xd0, 0xf4,
    0x3d, 0x6e, 0xc3, 0xe8, 0x03, 0x60, 0xcb, 0xee, 0x08, 0x68, 0xec, 0xee,
    0x82, 0x49, 0x09, 0x10, 0x1f, 0x68, 0xff, 0xf7, 0xc0, 0xf7, 0x2c, 0xe8,
    0xec, 0xee, 0x0f, 0x58, 0x0c, 0x68, 0x02, 0x60, 0xd1, 0xc5, 0x0d, 0xee,
    0x6d, 0xe4, 0x6f, 0xe2, 0x6f, 0xe2, 0x07, 0x10, 0x91, 0xa3, 0x6d, 0xe4,
    0x4b, 0xea, 0x3d, 0x6a, 0x51, 0xc3, 0x8c, 0xea, 0x20, 0xf0, 0x1c, 0x6a,
    0x45, 0x10, 0x58, 0xc3, 0x25, 0xe4, 0x67, 0xe2, 0xc7, 0xa9, 0x51, 0xa1,
    0x4a, 0x32, 0xa6, 0xa9, 0x4c, 0xef, 0x0f, 0x6f, 0x07, 0xd3, 0x90, 0x67,
    0x07, 0x05, 0x1f, 0x1a, 0x1f, 0x1a, 0x90, 0x67, 0x90, 0x67, 0x61, 0x0d,
    0xa3, 0x0d, 0x1f, 0x1a, 0x99, 0xa1, 0x20, 0xf0, 0x07, 0x93, 0x08, 0x6a,
    0x20, 0xf0, 0x8d, 0xea, 0x17, 0xf3, 0x59, 0xc1, 0x20, 0xf2, 0x20, 0x6a,
    0x4d, 0xe3, 0x10, 0x4a, 0x02, 0x6a, 0x08, 0xf2, 0x04, 0x93, 0x40, 0xdb,
    0x09, 0xe3, 0x10, 0x30, 0x20, 0x68, 0x14, 0xf0, 0x18, 0x48, 0x22, 0xf0,
    0x61, 0xa0, 0x01, 0xe2, 0x4b, 0xea, 0x02, 0x6a, 0x41, 0xc0, 0x6c, 0xea,
    0x01, 0x6a, 0x60, 0xa8, 0x40, 0xc8, 0x6c, 0xea, 0x20, 0xf0, 0x00, 0x6a,
    0x0f, 0x10, 0x58, 0xc1, 0x19, 0x59, 0x80, 0xf3, 0x6f, 0xe2, 0x04, 0x61,
    0x08, 0x6a, 0x6d, 0xe4, 0x14, 0xf0, 0xc0, 0x17, 0x01, 0x6b, 0x20, 0x6a,
    0x68, 0xc2, 0x21, 0xf2, 0x20, 0xf0, 0x11, 0x6a, 0x0b, 0x97, 0x58, 0xc0,
    0x09, 0x90, 0x0a, 0x91, 0x06, 0x63, 0x00, 0x6a, 0x00, 0x65, 0x00, 0xef,
    0x20, 0x6b, 0x14, 0xf0, 0x60, 0xa3, 0x01, 0xf2, 0x4c, 0xec, 0xff, 0x6a,
    0xff, 0x63, 0x45, 0x23, 0x00, 0xd0, 0x01, 0xd1, 0x05, 0x61, 0x05, 0x5c,
    0x6c, 0xea, 0x6b, 0x44, 0x14, 0x68, 0x00, 0xf2, 0x44, 0x67, 0x03, 0x10,
    0x10, 0x68, 0x00, 0xf2, 0x20, 0x6e, 0x17, 0xf3, 0x88, 0x37, 0xc1, 0xe0,
    0x08, 0x4e, 0x80, 0xf7, 0x60, 0x98, 0xdd, 0xe7, 0x00, 0xf4, 0x20, 0x9f,
    0xff, 0x4e, 0x20, 0x6e, 0x44, 0x31, 0x2c, 0xee, 0x10, 0x2d, 0x4c, 0x32,
    0x3f, 0x6a, 0x37, 0xe2, 0x4f, 0xea, 0x44, 0xed, 0x14, 0xf0, 0x4c, 0xeb,
    0xe2, 0xf0, 0x20, 0x6a, 0x51, 0xe4, 0x04, 0x4a, 0x44, 0xed, 0x40, 0xa4,
    0x10, 0xf0, 0x6d, 0xea, 0x10, 0x10, 0x20, 0x6b, 0x3f, 0x6d, 0x2b, 0xe2,
    0xaf, 0xed, 0xa4, 0xea, 0x14, 0xf0, 0x6c, 0xed, 0xc2, 0xf0, 0x20, 0x6b,
    0x71, 0xe4, 0x1c, 0x4b, 0x64, 0xea, 0x60, 0xa4, 0xad, 0xea, 0x43, 0x67,
    0x20, 0x6b, 0x1f, 0xf4, 0x01, 0x91, 0x40, 0xd8, 0x6d, 0xee, 0x00, 0x90,
    0xc0, 0xdf, 0x00, 0x6a, 0x20, 0xe8, 0x01, 0x63, 0x20, 0xe8, 0x00, 0x6a,
    0x20, 0x6a, 0x14, 0xf0, 0x4d, 0xa2, 0x01, 0xf2, 0xfe, 0x63, 0x5d, 0x22,
    0x02, 0xd0, 0x03, 0xd1, 0x20, 0x6a, 0x14, 0xf0, 0x81, 0xf5, 0x88, 0x35,
    0x49, 0xe5, 0x00, 0x4a, 0xff, 0x6b, 0x40, 0x9a, 0x1d, 0xf4, 0x1f, 0x4b,
    0x7b, 0xea, 0x00, 0x4a, 0xe5, 0xe8, 0x01, 0x2b, 0x20, 0x6a, 0x14, 0xf0,
    0x0c, 0x4a, 0x21, 0xf2, 0xc0, 0xa6, 0x99, 0xe2, 0x01, 0xd2, 0x00, 0x6a,
    0xc3, 0xeb, 0x12, 0xeb, 0x6f, 0xe6, 0x02, 0x60, 0x17, 0xf3, 0x01, 0xd3,
    0x70, 0xf2, 0x20, 0x6a, 0xe0, 0x9e, 0xc4, 0x42, 0xed, 0xeb, 0x02, 0x6b,
    0xa0, 0xf7, 0x60, 0xde, 0x6d, 0xe5, 0x68, 0x42, 0x01, 0xf0, 0xa0, 0x9b,
    0xff, 0x4a, 0x20, 0x6a, 0x00, 0x6e, 0x4c, 0xed, 0xd0, 0x32, 0x00, 0x6f,
    0x21, 0x61, 0x4a, 0xef, 0x20, 0x69, 0x14, 0xf0, 0x0c, 0x49, 0x21, 0xf2,
    0x40, 0xa0, 0x81, 0xe1, 0x08, 0x60, 0x43, 0xee, 0xcb, 0xe2, 0x01, 0x4e,
    0x4c, 0xe9, 0x1f, 0x69, 0x00, 0xd1, 0x01, 0x92, 0x0c, 0x60, 0x43, 0xe9,
    0x20, 0x6a, 0x17, 0xf3, 0x15, 0x6c, 0x4a, 0xf5, 0x94, 0xda, 0x60, 0xf2,
    0xc0, 0xf6, 0x40, 0xa0, 0x4d, 0xed, 0x40, 0x32, 0x09, 0x10, 0xa0, 0xdb,
    0xc0, 0xf6, 0x00, 0x90, 0xad, 0xea, 0x00, 0x32, 0x01, 0x4f, 0x40, 0xdb,
    0x00, 0x77, 0x02, 0xf0, 0x03, 0x91, 0xd8, 0x61, 0x00, 0x6a, 0x02, 0x90,
    0x20, 0xe8, 0x02, 0x63, 0x20, 0xe8, 0x00, 0x6a, 0x09, 0x62, 0xfb, 0x63,
    0x07, 0xd0, 0x08, 0xd1, 0x20, 0x6a, 0x14, 0xf0, 0x00, 0x4a, 0x60, 0xf2,
    0xd0, 0xaa, 0x03, 0x2d, 0x02, 0x10, 0xf1, 0xaa, 0xf3, 0xaa, 0xd2, 0xaa,
    0x90, 0x32, 0x84, 0x33, 0x14, 0xf0, 0x49, 0xe3, 0x22, 0xf0, 0x20, 0x6b,
    0x6d, 0xe2, 0x18, 0x4b, 0x0e, 0x5a, 0x40, 0xab, 0x00, 0x6a, 0x02, 0x60,
    0x14, 0xf0, 0x23, 0x10, 0x88, 0x31, 0x20, 0x6a, 0x00, 0x4a, 0x81, 0xf5,
    0xa0, 0x9a, 0x49, 0xe1, 0x04, 0xd3, 0x04, 0x67, 0x86, 0x06, 0x1f, 0x1a,
    0xf1, 0x22, 0x04, 0x93, 0x01, 0x6a, 0x89, 0xa3, 0x89, 0xc3, 0x4d, 0xec,
    0x01, 0x6c, 0xa4, 0xab, 0x84, 0xcb, 0xac, 0xec, 0x14, 0xf0, 0x18, 0x34,
    0x33, 0xe4, 0x20, 0x68, 0x10, 0x48, 0xe0, 0xf7, 0x20, 0xf0, 0x01, 0xe4,
    0x6d, 0xea, 0x6a, 0xa0, 0x4a, 0xc0, 0x20, 0xf0, 0x4b, 0xea, 0x01, 0x6a,
    0x08, 0x91, 0x09, 0x97, 0x05, 0x63, 0x07, 0x90, 0x00, 0x65, 0x00, 0xef,
    0x4c, 0xec, 0xff, 0x6a, 0x01, 0x4a, 0x47, 0x44, 0x14, 0xf0, 0x48, 0x34,
    0x81, 0xf5, 0x20, 0x6a, 0x49, 0xe4, 0x00, 0x4a, 0xff, 0x63, 0x40, 0x9a,
    0x00, 0x92, 0x00, 0xd2, 0x00, 0x6a, 0xd5, 0x5a, 0x00, 0x92, 0x15, 0x61,
    0x1b, 0x5a, 0xc0, 0xf1, 0x10, 0x61, 0x01, 0x6a, 0xe0, 0xf2, 0x00, 0x92,
    0x02, 0x6a, 0x12, 0x5a, 0x00, 0x92, 0x0b, 0x61, 0x19, 0x5a, 0x20, 0xf4,
    0x06, 0x61, 0x03, 0x6a, 0x20, 0xf6, 0x00, 0x92, 0x04, 0x6a, 0x04, 0x5a,
    0x05, 0x6a, 0x01, 0x61, 0x20, 0xe8, 0x01, 0x63, 0x17, 0x62, 0xf4, 0x63,
    0x15, 0xd0, 0x16, 0xd1, 0x64, 0x67, 0xff, 0x6d, 0x68, 0x31, 0xac, 0xeb,
    0x14, 0xf0, 0x74, 0x32, 0x40, 0xf1, 0x20, 0x6c, 0x49, 0xe1, 0x00, 0x4c,
    0xc4, 0xa2, 0x89, 0xe2, 0x78, 0x30, 0x0f, 0x6f, 0xac, 0xee, 0xec, 0xee,
    0xc5, 0xa2, 0x0e, 0xd6, 0x20, 0x6c, 0x14, 0xf0, 0x10, 0x4c, 0xe0, 0xf7,
    0xac, 0xee, 0xd2, 0x36, 0x3b, 0xe0, 0x10, 0xd6, 0x20, 0xf0, 0x99, 0xe6,
    0x03, 0x6c, 0xe2, 0xa6, 0x20, 0xf0, 0x0d, 0xd7, 0xee, 0x37, 0xfa, 0xa6,
    0xe8, 0x9a, 0xec, 0xec, 0x0c, 0xd4, 0xac, 0xec, 0x20, 0xf0, 0x0b, 0xd7,
    0x3f, 0x6c, 0xe0, 0xa2, 0xec, 0xec, 0xe6, 0x37, 0x0f, 0xd4, 0xac, 0xec,
    0x0f, 0x6c, 0x50, 0xaa, 0xac, 0xea, 0x46, 0x32, 0x51, 0xa6, 0x0a, 0xd2,
    0x4a, 0x32, 0x18, 0x6d, 0x02, 0x74, 0x4c, 0xec, 0x0c, 0x6d, 0x01, 0x60,
    0x20, 0x6a, 0x14, 0xf0, 0x4d, 0xa2, 0x01, 0xf2, 0x01, 0x2a, 0x08, 0x6f,
    0x14, 0xf0, 0x09, 0x6f, 0x68, 0x36, 0x20, 0x6c, 0x14, 0x4c, 0x60, 0xf7,
    0x40, 0x9a, 0x89, 0xe6, 0x80, 0xf4, 0x1c, 0x5a, 0xd7, 0xf7, 0x12, 0x60,
    0x48, 0x32, 0x20, 0x6c, 0x1c, 0x4c, 0x6d, 0xf6, 0x40, 0x9a, 0x89, 0xe2,
    0x64, 0x32, 0x00, 0xea, 0x91, 0xe2, 0x70, 0x34, 0x20, 0x6a, 0x14, 0xf0,
    0x18, 0x4a, 0x22, 0xf0, 0xa1, 0xa2, 0x49, 0xe4, 0xad, 0xec, 0x01, 0x6c,
    0xa0, 0xaa, 0x81, 0xc2, 0xac, 0xec, 0x01, 0x6c, 0x20, 0x6d, 0x14, 0xf0,
    0x14, 0x4d, 0x60, 0xf7, 0x80, 0xca, 0xd9, 0xe5, 0x02, 0x6a, 0x00, 0x6d,
    0x40, 0xde, 0x83, 0x67, 0x60, 0x10, 0x1f, 0x1a, 0x0d, 0x10, 0x60, 0xf4,
    0x70, 0x33, 0x64, 0x32, 0x14, 0xf0, 0x69, 0xe2, 0x22, 0xf0, 0x20, 0x6b,
    0x6d, 0xe2, 0x18, 0x4b, 0x06, 0x5a, 0x40, 0xab, 0x01, 0x61, 0x60, 0xf4,
    0x02, 0x6a, 0x81, 0xa3, 0x8c, 0xea, 0x4b, 0xea, 0x80, 0xab, 0x41, 0xc3,
    0x14, 0xf0, 0x01, 0x6a, 0x8c, 0xea, 0x20, 0x6f, 0x14, 0x4f, 0x60, 0xf7,
    0xd9, 0xe7, 0x40, 0xcb, 0xaa, 0x12, 0x00, 0x6a, 0x20, 0x6c, 0x14, 0xf0,
    0x10, 0x4c, 0xe0, 0xf7, 0x49, 0xe4, 0xcb, 0xe0, 0xb9, 0xa2, 0x20, 0xf0,
    0x8b, 0xec, 0x03, 0x6c, 0x04, 0x5b, 0xac, 0xec, 0x99, 0xc2, 0x20, 0xf0,
    0x17, 0xf3, 0x05, 0x61, 0x70, 0xf0, 0x21, 0x6a, 0x03, 0x10, 0x14, 0x4a,
    0x20, 0x6a, 0x17, 0xf3, 0x80, 0x9a, 0x74, 0x4a, 0x0f, 0x6a, 0x03, 0x60,
    0x04, 0x10, 0x44, 0xee, 0xa8, 0x35, 0xac, 0x43, 0x44, 0xed, 0x0f, 0x6a,
    0x86, 0x67, 0x8c, 0xea, 0x8c, 0x43, 0x02, 0x61, 0x14, 0xf0, 0x88, 0x34,
    0xdb, 0xe0, 0x20, 0x6d, 0x10, 0x4d, 0xe0, 0xf7, 0x20, 0x6f, 0x14, 0xf0,
    0xe0, 0xf7, 0x46, 0xec, 0xd1, 0xe5, 0x10, 0x4f, 0x18, 0x4e, 0x04, 0x6d,
    0xa8, 0xc4, 0x20, 0xf0, 0x00, 0x6c, 0xd9, 0xe7, 0x81, 0xde, 0x0b, 0x5a,
    0x03, 0x61, 0x03, 0x6c, 0xff, 0x6c, 0xf9, 0x4a, 0x14, 0xf0, 0x4c, 0xec,
    0x23, 0xe0, 0x20, 0x6a, 0x10, 0x4a, 0xe0, 0xf7, 0x20, 0xf0, 0x01, 0xe2,
    0x0d, 0x6d, 0x82, 0xc0, 0x12, 0xd3, 0x83, 0x67, 0xb4, 0x03, 0x1f, 0x1a,
    0x0d, 0x6d, 0x12, 0x93, 0x1f, 0x1a, 0x83, 0x67, 0x12, 0x93, 0xbf, 0x03,
    0x20, 0x6c, 0x14, 0xf0, 0x14, 0x4c, 0x60, 0xf7, 0x05, 0x6a, 0x25, 0xe4,
    0x64, 0x32, 0x40, 0xd9, 0x69, 0xe2, 0x70, 0x33, 0x20, 0x6b, 0x14, 0xf0,
    0x18, 0x4b, 0x22, 0xf0, 0x83, 0xa3, 0x6d, 0xe2, 0x8d, 0xea, 0x01, 0x6a,
    0x81, 0xab, 0x43, 0xc3, 0x8c, 0xea, 0x01, 0x6a, 0xe9, 0x13, 0x41, 0xcb,
    0x20, 0x6a, 0x17, 0xf3, 0x10, 0x4a, 0x20, 0xf2, 0x22, 0x6c, 0x00, 0xf0,
    0x18, 0xf3, 0x49, 0xe1, 0x80, 0xda, 0x02, 0x4c, 0x83, 0x67, 0x00, 0x6d,
    0x1f, 0x1a, 0x12, 0xd3, 0x12, 0x93, 0xc9, 0x03, 0x20, 0x6d, 0x14, 0xf0,
    0xe0, 0xf7, 0x23, 0xe0, 0x01, 0x6a, 0x10, 0x4d, 0x5c, 0xc0, 0x01, 0xe5,
    0x70, 0x33, 0x64, 0x32, 0x14, 0xf0, 0x69, 0xe2, 0x22, 0xf0, 0x20, 0x6b,
    0x6d, 0xe2, 0x18, 0x4b, 0x01, 0x6a, 0x81, 0xa3, 0x20, 0x6f, 0x14, 0xf0,
    0x41, 0xc3, 0x8d, 0xea, 0x01, 0x6a, 0x80, 0xab, 0x14, 0x4f, 0x60, 0xf7,
    0x40, 0xcb, 0x8c, 0xea, 0x06, 0x6a, 0x25, 0xe7, 0x64, 0x32, 0xeb, 0x11,
    0x91, 0xe2, 0x70, 0x34, 0x20, 0x6a, 0x14, 0xf0, 0x18, 0x4a, 0x22, 0xf0,
    0x80, 0xaa, 0x49, 0xe4, 0xa3, 0xec, 0x86, 0x34, 0x1c, 0x61, 0xe0, 0xf0,
    0x02, 0x6c, 0xa1, 0xa2, 0xac, 0xec, 0x8b, 0xec, 0xa0, 0xaa, 0x81, 0xc2,
    0x23, 0xe0, 0x01, 0x6c, 0x80, 0xca, 0xac, 0xec, 0x1f, 0x1a, 0x83, 0x67,
    0x14, 0xf0, 0xdb, 0x10, 0xe0, 0xf7, 0x20, 0x6b, 0x01, 0xe3, 0x10, 0x4b,
    0x54, 0x33, 0x9d, 0xa0, 0x8c, 0xea, 0x1f, 0x6a, 0x20, 0x6c, 0x14, 0xf0,
    0x60, 0xf7, 0x6d, 0xea, 0x5d, 0xc0, 0x14, 0x4c, 0x07, 0x6a, 0x25, 0xe4,
    0x83, 0x67, 0xbf, 0x11, 0x11, 0xd6, 0x12, 0xd3, 0x87, 0x10, 0x1f, 0x1a,
    0x14, 0xf0, 0x11, 0x96, 0xe0, 0xf7, 0x20, 0x6d, 0xc3, 0xe0, 0x10, 0x4d,
    0x10, 0x97, 0x01, 0xe5, 0x12, 0x93, 0x5d, 0xa0, 0xec, 0xec, 0x01, 0x6c,
    0x68, 0x33, 0x56, 0x32, 0x0d, 0x97, 0x19, 0x2c, 0x02, 0x61, 0x04, 0x5f,
    0x0d, 0x60, 0x04, 0x72, 0x04, 0x5a, 0xff, 0x4a, 0x0b, 0x97, 0x06, 0x60,
    0xe2, 0x34, 0x44, 0x6a, 0x44, 0x72, 0x8c, 0xea, 0x0e, 0x95, 0x04, 0x60,
    0xac, 0xea, 0x01, 0x6a, 0x14, 0xf0, 0x07, 0x22, 0x60, 0xf7, 0x20, 0x6f,
    0x6d, 0xe7, 0x14, 0x4f, 0x06, 0x10, 0x09, 0x6a, 0x20, 0x6a, 0x14, 0xf0,
    0x14, 0x4a, 0x60, 0xf7, 0x19, 0x6a, 0x6d, 0xe2, 0x59, 0x13, 0x40, 0xdb,
    0x01, 0x6d, 0x83, 0x67, 0x1f, 0x1a, 0x12, 0xd3, 0x12, 0x93, 0x60, 0x10,
    0x20, 0x6a, 0x17, 0xf3, 0x10, 0x4a, 0x20, 0xf2, 0x22, 0x6c, 0x00, 0xf0,
    0x18, 0xf1, 0x49, 0xe1, 0x80, 0xda, 0x02, 0x4c, 0x70, 0x33, 0x64, 0x32,
    0x14, 0xf0, 0x69, 0xe2, 0x22, 0xf0, 0x20, 0x6b, 0x6d, 0xe2, 0x18, 0x4b,
    0x01, 0x6a, 0x81, 0xa3, 0x41, 0xc3, 0x8d, 0xea, 0x01, 0x6a, 0x80, 0xab,
    0x40, 0xcb, 0x8c, 0xea, 0x20, 0x6b, 0x14, 0xf0, 0x14, 0x4b, 0x60, 0xf7,
    0x0a, 0x6a, 0x25, 0xe3, 0x64, 0x32, 0x63, 0x11, 0x91, 0xe2, 0x70, 0x34,
    0x20, 0x6a, 0x14, 0xf0, 0x18, 0x4a, 0x22, 0xf0, 0x80, 0xaa, 0x49, 0xe4,
    0xe2, 0xec, 0x86, 0x34, 0x15, 0x61, 0x80, 0xf1, 0x02, 0x6b, 0x81, 0xa2,
    0x8c, 0xeb, 0x6b, 0xeb, 0x80, 0xaa, 0x61, 0xc2, 0x8c, 0xeb, 0x01, 0x6b,
    0x20, 0x6c, 0x14, 0xf0, 0x14, 0x4c, 0x60, 0xf7, 0xd9, 0xe4, 0x60, 0xca,
    0x6e, 0x11, 0x0b, 0x6a, 0x00, 0x6d, 0x83, 0x67, 0x1f, 0x1a, 0x12, 0xd3,
    0x17, 0xf3, 0x60, 0x10, 0x12, 0x93, 0x20, 0x6a, 0x10, 0x4a, 0x20, 0xf2,
    0x22, 0x6c, 0x00, 0xf0, 0x20, 0x6d, 0x14, 0xf0, 0x18, 0xf3, 0x49, 0xe1,
    0x23, 0xe0, 0x02, 0x4c, 0x10, 0x4d, 0xe0, 0xf7, 0x01, 0xe5, 0x80, 0xda,
    0x5c, 0xc0, 0x02, 0x6a, 0x70, 0x33, 0x64, 0x32, 0x14, 0xf0, 0x69, 0xe2,
    0x22, 0xf0, 0x20, 0x6b, 0x6d, 0xe2, 0x18, 0x4b, 0x01, 0x6a, 0x81, 0xa3,
    0x20, 0x6f, 0x14, 0xf0, 0x41, 0xc3, 0x8d, 0xea, 0x01, 0x6a, 0x80, 0xab,
    0x14, 0x4f, 0x60, 0xf7, 0x40, 0xcb, 0x8c, 0xea, 0x0c, 0x6a, 0x25, 0xe7,
    0x64, 0x36, 0x17, 0x11, 0x49, 0xe6, 0x70, 0x32, 0x20, 0x6e, 0x14, 0xf0,
    0x18, 0x4e, 0x22, 0xf0, 0x40, 0xae, 0xd9, 0xe2, 0xa3, 0xea, 0x46, 0x32,
    0x83, 0x67, 0x29, 0x61, 0x11, 0xd6, 0x12, 0xd3, 0x87, 0x10, 0x1f, 0x1a,
    0x02, 0x6a, 0x11, 0x96, 0x81, 0xa6, 0x4b, 0xea, 0x23, 0xe0, 0x12, 0x93,
    0x41, 0xc6, 0x8c, 0xea, 0x01, 0x6a, 0x80, 0xae, 0x40, 0xce, 0x8c, 0xea,
    0x1f, 0x1a, 0x83, 0x67, 0x14, 0xf0, 0xdb, 0x10, 0xe0, 0xf7, 0x20, 0x6b,
    0x01, 0xe3, 0x10, 0x4b, 0x9d, 0xa0, 0x07, 0x6b, 0x48, 0x33, 0x6c, 0xea,
    0x4b, 0xea, 0x1d, 0x6a, 0x14, 0xf0, 0x8c, 0xea, 0x6d, 0xea, 0x20, 0x6c,
    0x14, 0x4c, 0x60, 0xf7, 0x25, 0xe4, 0x5d, 0xc0, 0xe2, 0x10, 0x19, 0x6a,
    0x20, 0x11, 0x00, 0x6d, 0x01, 0x6d, 0x83, 0x67, 0x1f, 0x1a, 0x12, 0xd3,
    0x12, 0x93, 0x60, 0x10, 0x20, 0x6f, 0x14, 0xf0, 0x10, 0x4f, 0xe0, 0xf7,
    0x68, 0x30, 0x78, 0x35, 0xd9, 0xe7, 0x1b, 0xe5, 0x0d, 0xd5, 0x5c, 0xa6,
    0x0a, 0xd2, 0x07, 0x6d, 0xff, 0x6f, 0x5d, 0xa6, 0x4a, 0x32, 0x56, 0x31,
    0x04, 0xd1, 0xac, 0xea, 0x87, 0x9e, 0x05, 0xd2, 0x9e, 0x34, 0x82, 0x34,
    0xec, 0xec, 0xac, 0xec, 0x9e, 0xa6, 0x06, 0xd4, 0x86, 0x34, 0x92, 0x36,
    0xac, 0xee, 0xac, 0xec, 0x14, 0xf0, 0x08, 0xd4, 0x82, 0x43, 0x20, 0x6d,
    0xa0, 0xf7, 0x88, 0x34, 0x07, 0xd6, 0x08, 0x4d, 0x80, 0xa4, 0xb1, 0xe4,
    0x8c, 0xef, 0x9e, 0x34, 0x20, 0x6c, 0x17, 0xf3, 0x10, 0x4c, 0x20, 0xf2,
    0x07, 0x2f, 0x91, 0xe0, 0x01, 0x75, 0x0a, 0x95, 0x08, 0xf2, 0x04, 0x61,
    0x40, 0xdc, 0x02, 0x6a, 0x00, 0xf0, 0x0e, 0x10, 0x18, 0xf1, 0x22, 0x6d,
    0xa0, 0xdc, 0x02, 0x4d, 0x0c, 0x97, 0x03, 0x27, 0x12, 0x61, 0x03, 0x77,
    0x02, 0x5c, 0x0a, 0x94, 0x2e, 0xea, 0x02, 0x61, 0x04, 0x59, 0x0d, 0x2a,
    0xd1, 0x67, 0x04, 0x60, 0x0c, 0x69, 0x11, 0x29, 0x04, 0x71, 0x05, 0x10,
    0x0a, 0x95, 0x08, 0x61, 0x08, 0x60, 0x02, 0x5d, 0x08, 0x10, 0x0c, 0x6e,
    0x0e, 0x6e, 0x0e, 0x69, 0x0f, 0x69, 0x05, 0x10, 0x02, 0x10, 0x0f, 0x6e,
    0x04, 0x6e, 0x04, 0x69, 0x0a, 0x94, 0x00, 0x6a, 0x0a, 0x60, 0x83, 0xea,
    0xfd, 0x67, 0x48, 0x34, 0x84, 0x9c, 0x91, 0xe7, 0x02, 0x60, 0x05, 0x74,
    0xf5, 0x17, 0x01, 0x4a, 0x0f, 0x6e, 0x0f, 0x69, 0x17, 0xf3, 0x0d, 0x95,
    0x14, 0xf0, 0x20, 0x6a, 0x85, 0x9a, 0x20, 0x6f, 0x10, 0x4f, 0xe0, 0xf7,
    0x49, 0xe7, 0x0b, 0xe5, 0xa1, 0xa2, 0x20, 0xf0, 0x05, 0x61, 0xaa, 0xee,
    0x40, 0xa2, 0x20, 0xf0, 0x20, 0xf2, 0x4a, 0xe9, 0x74, 0x32, 0x10, 0x60,
    0x20, 0x6c, 0x14, 0xf0, 0x00, 0x4c, 0x40, 0xf1, 0x49, 0xe4, 0x49, 0xe0,
    0x03, 0x6c, 0xa6, 0xa2, 0xac, 0xec, 0x8b, 0xec, 0x00, 0xf1, 0x86, 0xc2,
    0x44, 0xeb, 0x20, 0x6a, 0x20, 0x6c, 0x17, 0xf3, 0x48, 0xdc, 0x00, 0xf1,
    0x83, 0x67, 0xb1, 0x67, 0x11, 0xd6, 0x12, 0xd3, 0xb4, 0x03, 0x1f, 0x1a,
    0x12, 0x93, 0x11, 0x96, 0x83, 0x67, 0xa6, 0x67, 0xbf, 0x03, 0x1f, 0x1a,
    0x12, 0x93, 0x11, 0x96, 0x14, 0xf0, 0x78, 0x32, 0x0b, 0xe2, 0x20, 0x6d,
    0x10, 0x4d, 0xe0, 0xf7, 0x0f, 0x76, 0x49, 0xe5, 0xc1, 0xc2, 0x20, 0xf0,
    0x20, 0xc2, 0x20, 0xf0, 0x74, 0x32, 0x1b, 0x61, 0x20, 0x6f, 0x14, 0xf0,
    0x40, 0xf1, 0x49, 0xe0, 0x49, 0xe7, 0x00, 0x4f, 0x4a, 0x34, 0x45, 0xa2,
    0x8c, 0xea, 0x01, 0x6a, 0x0b, 0x97, 0x0f, 0x2a, 0xe2, 0x34, 0x60, 0x6a,
    0xff, 0x6a, 0x4c, 0xec, 0x60, 0x72, 0x8c, 0xea, 0x14, 0xf0, 0x07, 0x60,
    0x60, 0xf7, 0x20, 0x6a, 0x05, 0xe2, 0x14, 0x4a, 0x16, 0x10, 0x1b, 0x6a,
    0x70, 0x33, 0x64, 0x32, 0x14, 0xf0, 0x69, 0xe2, 0x22, 0xf0, 0x20, 0x6b,
    0x6d, 0xe2, 0x18, 0x4b, 0x01, 0x6a, 0x81, 0xa3, 0x41, 0xc3, 0x8d, 0xea,
    0x01, 0x6a, 0x80, 0xab, 0x40, 0xcb, 0x8c, 0xea, 0x20, 0x6b, 0x14, 0xf0,
    0x14, 0x4b, 0x60, 0xf7, 0x1a, 0x6a, 0x05, 0xe3, 0xcd, 0x11, 0x40, 0xd9,
    0x03, 0x6a, 0x0c, 0x97, 0x03, 0x4f, 0xfa, 0x6d, 0x02, 0x5f, 0x4c, 0xef,
    0x14, 0xf0, 0x04, 0x60, 0x60, 0xf2, 0x20, 0x6a, 0x64, 0x32, 0xaf, 0xa2,
    0x91, 0xe2, 0x70, 0x34, 0x20, 0x6a, 0x14, 0xf0, 0x18, 0x4a, 0x22, 0xf0,
    0x80, 0xaa, 0x49, 0xe4, 0xa3, 0xec, 0x86, 0x34, 0x81, 0xa2, 0x11, 0x61,
    0x6b, 0xeb, 0x02, 0x6b, 0x61, 0xc2, 0x8c, 0xeb, 0x01, 0x6b, 0x80, 0xaa,
    0x14, 0xf0, 0x8c, 0xeb, 0x60, 0xf7, 0x20, 0x6c, 0x60, 0xca, 0x14, 0x4c,
    0x1b, 0x6a, 0xd9, 0xe4, 0xa5, 0x11, 0x40, 0xde, 0x48, 0x34, 0x42, 0x43,
    0x20, 0x6a, 0x14, 0xf0, 0x08, 0x4a, 0xa0, 0xf7, 0x40, 0xa2, 0x49, 0xe4,
    0x0b, 0x2a, 0x5e, 0x32, 0x14, 0xf0, 0x78, 0x32, 0xdb, 0xe2, 0x20, 0x6d,
    0x10, 0x4d, 0xe0, 0xf7, 0x5c, 0xa6, 0xd9, 0xe5, 0x80, 0xf1, 0x02, 0x5a,
    0x01, 0x6d, 0x10, 0x61, 0x12, 0xd3, 0x83, 0x67, 0xb9, 0x10, 0x1f, 0x1a,
    0x60, 0xf1, 0x12, 0x93, 0x87, 0x11, 0x06, 0x2a, 0x00, 0x6d, 0x83, 0x67,
    0x11, 0xd6, 0x12, 0xd3, 0x60, 0x10, 0x1f, 0x1a, 0x11, 0x96, 0x12, 0x93,
    0x20, 0x6c, 0x14, 0xf0, 0xcb, 0xe7, 0x78, 0x37, 0x10, 0x4c, 0xe0, 0xf7,
    0x20, 0xf0, 0x49, 0xe4, 0x20, 0xf0, 0x21, 0xa2, 0xff, 0x65, 0x40, 0xa2,
    0x0e, 0xd2, 0x05, 0x59, 0x04, 0xd1, 0x02, 0x60, 0x0c, 0x71, 0x09, 0x10,
    0xb8, 0x67, 0x03, 0x61, 0x04, 0x10, 0x04, 0xd5, 0x02, 0x61, 0x0e, 0x59,
    0x04, 0xd2, 0x45, 0x41, 0x14, 0xf0, 0xff, 0x67, 0xcb, 0xe7, 0x20, 0x6d,
    0x10, 0x4d, 0xe0, 0xf7, 0x49, 0xe5, 0x74, 0x37, 0xf5, 0xe6, 0x0c, 0xd7,
    0x14, 0xf0, 0x04, 0x94, 0x40, 0xf1, 0x20, 0x6f, 0xb5, 0xe7, 0x00, 0x4f,
    0x88, 0xa4, 0x91, 0xe5, 0x0a, 0xa2, 0x20, 0xf0, 0x92, 0x34, 0x0f, 0x6f,
    0x90, 0x34, 0xec, 0xe8, 0x20, 0xf0, 0x0d, 0xec, 0x0b, 0x94, 0x8a, 0xc2,
    0x80, 0x6c, 0x82, 0x30, 0x8c, 0xe8, 0x8b, 0xec, 0x8c, 0xe8, 0xff, 0x6c,
    0x8b, 0xec, 0x10, 0x6c, 0x0a, 0x97, 0x56, 0x20, 0x12, 0x60, 0x02, 0x77,
    0x06, 0x60, 0x03, 0x5f, 0x20, 0xf0, 0x19, 0x2f, 0xac, 0xec, 0xa4, 0xa2,
    0x21, 0x10, 0x01, 0x6d, 0x04, 0x77, 0x0a, 0x97, 0x08, 0x77, 0x0c, 0x60,
    0x20, 0xf0, 0x0f, 0x61, 0xac, 0xec, 0xa4, 0xa2, 0x17, 0x10, 0x0d, 0x6d,
    0xa4, 0xa2, 0x20, 0xf0, 0x05, 0x6d, 0xac, 0xec, 0x20, 0xf0, 0x12, 0x10,
    0xac, 0xec, 0xa4, 0xa2, 0x0d, 0x10, 0x09, 0x6d, 0x14, 0xf0, 0x9f, 0x67,
    0xcb, 0xe4, 0x20, 0x6d, 0x10, 0x4d, 0xe0, 0xf7, 0x20, 0xf0, 0x49, 0xe5,
    0x10, 0x6c, 0xa4, 0xa2, 0x8c, 0xed, 0x8b, 0xec, 0x0f, 0x97, 0x01, 0x6c,
    0x20, 0xf0, 0xad, 0xec, 0x40, 0xf6, 0x84, 0xc2, 0x0b, 0x97, 0xe0, 0x34,
    0x20, 0x6a, 0x10, 0xf2, 0xec, 0xea, 0xff, 0x4a, 0x8d, 0xea, 0x0a, 0x97,
    0x40, 0xf4, 0x0b, 0xd2, 0x0b, 0x97, 0xe0, 0x35, 0x22, 0x6a, 0x1f, 0xf6,
    0xec, 0xea, 0xff, 0x4a, 0x0b, 0xd2, 0xad, 0xea, 0x20, 0x6d, 0x14, 0xf0,
    0xd3, 0xe2, 0x5f, 0x67, 0x10, 0x4d, 0xe0, 0xf7, 0x0f, 0x92, 0x91, 0xe5,
    0x40, 0x37, 0x0b, 0x95, 0xa3, 0x32, 0x00, 0xf6, 0xe4, 0x37, 0x4f, 0xea,
    0x42, 0x32, 0xc0, 0xf7, 0xf3, 0xcc, 0xe4, 0xea, 0x04, 0x90, 0x14, 0x10,
    0xa8, 0xa5, 0x15, 0xe5, 0x20, 0xf0, 0xac, 0xef, 0xac, 0xec, 0xa4, 0xa2,
    0x04, 0x94, 0x8d, 0xef, 0xe4, 0xc2, 0x20, 0xf0, 0x84, 0x35, 0x48, 0x4c,
    0x20, 0x6c, 0x14, 0xf0, 0x00, 0x4c, 0x60, 0xf2, 0x82, 0xac, 0x91, 0xe5,
    0xff, 0x67, 0x93, 0xca, 0x20, 0x6c, 0x14, 0xf0, 0x10, 0x4c, 0xe0, 0xf7,
    0x49, 0xe4, 0xcb, 0xe7, 0xaa, 0xa2, 0x20, 0xf0, 0x8b, 0xec, 0x0d, 0x6c,
    0x04, 0x6c, 0x8c, 0xed, 0x20, 0xf0, 0xad, 0xec, 0x4f, 0x41, 0x8a, 0xc2,
    0x02, 0x61, 0x08, 0x5a, 0x07, 0x61, 0x0c, 0x71, 0x01, 0x68, 0x0d, 0x97,
    0x36, 0x60, 0x23, 0xef, 0x2e, 0xe8, 0x0c, 0x68, 0x0e, 0x71, 0x23, 0x10,
    0x0c, 0x94, 0x0a, 0x61, 0x20, 0x6d, 0x14, 0xf0, 0x00, 0x4d, 0x40, 0xf1,
    0x49, 0xe5, 0x89, 0xe6, 0x0e, 0x32, 0x05, 0xa2, 0x0f, 0x71, 0x25, 0x10,
    0x0c, 0x97, 0x18, 0x61, 0x20, 0x6c, 0x14, 0xf0, 0x00, 0x4c, 0x40, 0xf1,
    0x49, 0xe4, 0xe9, 0xe6, 0x01, 0x68, 0x45, 0xa2, 0x01, 0x6a, 0x4a, 0x34,
    0x18, 0x2a, 0x8c, 0xea, 0x60, 0x6a, 0x0b, 0x97, 0x4c, 0xe8, 0xe2, 0x30,
    0x4c, 0xe8, 0xff, 0x6a, 0x4e, 0xe8, 0x60, 0x6a, 0x18, 0x67, 0x01, 0x58,
    0x00, 0x68, 0x0d, 0x10, 0x0c, 0x94, 0x0b, 0x29, 0x20, 0x6d, 0x14, 0xf0,
    0x00, 0x4d, 0x40, 0xf1, 0x49, 0xe5, 0x89, 0xe6, 0x06, 0x32, 0x05, 0xa2,
    0x4c, 0xe8, 0x01, 0x68, 0x14, 0xf0, 0xff, 0x67, 0xcb, 0xe7, 0x20, 0x6c,
    0x10, 0x4c, 0xe0, 0xf7, 0x5c, 0xa2, 0x49, 0xe4, 0x09, 0x61, 0x02, 0x72,
    0x01, 0x6d, 0x83, 0x67, 0x11, 0xd6, 0x12, 0xd3, 0xd4, 0x03, 0x1f, 0x1a,
    0x11, 0x96, 0x12, 0x93, 0x83, 0x67, 0x08, 0x10, 0x12, 0xd3, 0x00, 0x6d,
    0x1f, 0x1a, 0x11, 0xd6, 0x11, 0x96, 0xd4, 0x03, 0x17, 0xf3, 0x12, 0x93,
    0x00, 0xf6, 0x20, 0x6a, 0x49, 0xe6, 0x00, 0x4a, 0xf1, 0x6c, 0xa0, 0x9a,
    0xac, 0xec, 0x8b, 0xec, 0xff, 0x6d, 0x30, 0x31, 0x8d, 0xe9, 0xac, 0xe9,
    0xe0, 0x9a, 0x20, 0xda, 0x01, 0xf7, 0x0e, 0x95, 0x8b, 0xec, 0x01, 0x6c,
    0xa0, 0x34, 0x8c, 0xef, 0x00, 0x6d, 0x01, 0xf7, 0xed, 0xec, 0xac, 0xec,
    0x14, 0xf0, 0x80, 0xda, 0x78, 0x32, 0x20, 0x6f, 0x10, 0x4f, 0xe0, 0xf7,
    0x91, 0xe7, 0xd3, 0xe2, 0xe4, 0xa4, 0x20, 0xf0, 0x1c, 0x30, 0x7f, 0x6d,
    0xad, 0xe8, 0xec, 0xed, 0x20, 0xf0, 0x04, 0x5b, 0x08, 0x6c, 0x04, 0xc4,
    0x14, 0xf0, 0x05, 0x60, 0x80, 0xf7, 0x20, 0x6b, 0x04, 0x10, 0x94, 0xc3,
    0x20, 0x6b, 0x14, 0xf0, 0x95, 0xc3, 0x80, 0xf7, 0x14, 0xf0, 0xc3, 0xe2,
    0xe0, 0xf7, 0x20, 0x6a, 0x01, 0xe2, 0x10, 0x4a, 0x79, 0xa0, 0x20, 0xf0,
    0x6d, 0xea, 0x02, 0x6a, 0x20, 0x6b, 0x14, 0xf0, 0x14, 0x4b, 0x60, 0xf7,
    0x59, 0xc0, 0x20, 0xf0, 0x01, 0x6a, 0xd9, 0xe3, 0x00, 0x6a, 0x40, 0xde,
    0x14, 0xf0, 0x2a, 0x10, 0x23, 0xe0, 0x20, 0x6c, 0x10, 0x4c, 0xe0, 0xf7,
    0x20, 0xf0, 0x01, 0xe4, 0x02, 0x6a, 0x99, 0xa0, 0x20, 0x6d, 0x14, 0xf0,
    0x60, 0xf7, 0x8d, 0xea, 0x20, 0xf0, 0x14, 0x4d, 0x25, 0xe5, 0x59, 0xc0,
    0x04, 0x5b, 0x01, 0x6a, 0x08, 0x6b, 0x40, 0xd9, 0x14, 0xf0, 0x05, 0x60,
    0x80, 0xf7, 0x20, 0x6a, 0x04, 0x10, 0x74, 0xc2, 0x20, 0x6a, 0x14, 0xf0,
    0x75, 0xc2, 0x80, 0xf7, 0x4b, 0xea, 0x01, 0x6a, 0x01, 0x6a, 0x08, 0x10,
    0x04, 0xf0, 0x06, 0x10, 0x8c, 0xea, 0x20, 0x6a, 0x17, 0x22, 0xdf, 0xf5,
    0x17, 0x97, 0xeb, 0x15, 0x15, 0x90, 0x16, 0x91, 0x00, 0xef, 0x0c, 0x63,
    0x00, 0x5c, 0x04, 0xf0, 0x06, 0x61, 0x00, 0x6a, 0x00, 0x5c, 0x08, 0xf0,
    0x02, 0x61, 0x44, 0x67, 0x1f, 0x6a, 0xe7, 0xf7, 0x1f, 0x6b, 0xe3, 0xf7,
    0x20, 0xe8, 0x6c, 0xea, 0x0d, 0x62, 0xf9, 0x63, 0x0b, 0xd0, 0x0c, 0xd1,
    0x20, 0x68, 0x14, 0xf0, 0x00, 0x48, 0x40, 0xf0, 0x17, 0xf3, 0x42, 0xa0,
    0x00, 0xf2, 0x20, 0x69, 0x4d, 0xec, 0x00, 0x6c, 0x4c, 0x41, 0x80, 0xf5,
    0xe7, 0xf7, 0x40, 0x9a, 0x14, 0xf0, 0x1f, 0x6d, 0xac, 0xea, 0x20, 0x6b,
    0x0c, 0x4b, 0xe1, 0xf5, 0x90, 0xf5, 0x58, 0xdb, 0xc0, 0x9e, 0xc0, 0x41,
    0xe4, 0x41, 0x90, 0xf5, 0xd9, 0xdb, 0xac, 0xee, 0xac, 0xef, 0xe0, 0x9f,
    0x14, 0xf0, 0xfa, 0xdb, 0x41, 0xf6, 0x20, 0x6b, 0x06, 0xd7, 0x78, 0xa3,
    0x14, 0xf0, 0x05, 0xd3, 0x80, 0xf7, 0x20, 0x6b, 0x61, 0x80, 0xf8, 0xab,
    0x98, 0xef, 0x08, 0xd6, 0x12, 0xed, 0x09, 0xd7, 0xa0, 0x35, 0xa0, 0x35,
    0xa3, 0x35, 0xa3, 0x35, 0x05, 0x95, 0x04, 0xd5, 0x78, 0xef, 0xaf, 0xe3,
    0x12, 0xe8, 0x04, 0x93, 0x00, 0x48, 0x1f, 0xf6, 0x58, 0xeb, 0x00, 0x30,
    0x03, 0x30, 0x00, 0x30, 0x10, 0x30, 0x03, 0x30, 0x00, 0x30, 0x00, 0x30,
    0x03, 0x30, 0x03, 0x30, 0xa4, 0x35, 0x00, 0x35, 0x12, 0xec, 0x07, 0xd5,
    0x83, 0x34, 0xb1, 0xe4, 0x1f, 0x1a, 0x93, 0x34, 0x14, 0xf0, 0x66, 0x13,
    0x08, 0x96, 0x20, 0x6b, 0x04, 0x93, 0x03, 0x67, 0xe0, 0xf6, 0x07, 0x95,
    0xd8, 0xeb, 0x84, 0x41, 0x81, 0xf5, 0x48, 0x32, 0x58, 0xd8, 0x00, 0x48,
    0x12, 0xec, 0x40, 0xdc, 0x83, 0x34, 0xb1, 0xe4, 0x1f, 0x1a, 0x93, 0x34,
    0x04, 0x95, 0x66, 0x13, 0xe0, 0xf6, 0x06, 0x93, 0x4a, 0x32, 0x88, 0x41,
    0x59, 0xd8, 0x78, 0xed, 0x20, 0x6d, 0x14, 0xf0, 0x05, 0x93, 0x40, 0xdc,
    0x80, 0x85, 0x40, 0xf0, 0xe0, 0xf6, 0x09, 0x97, 0x73, 0xe4, 0x0c, 0x49,
    0x98, 0xef, 0x12, 0xea, 0x1f, 0xf6, 0x12, 0xec, 0x80, 0x34, 0x00, 0x4c,
    0x83, 0x34, 0x80, 0x34, 0x90, 0x34, 0x83, 0x34, 0x80, 0x34, 0x80, 0x34,
    0x83, 0x34, 0x83, 0x34, 0x84, 0x34, 0x80, 0x34, 0x83, 0x34, 0x91, 0xe2,
    0x1f, 0x1a, 0x93, 0x34, 0x5a, 0xd8, 0x66, 0x13, 0x20, 0x6b, 0x14, 0xf0,
    0x01, 0xf2, 0x40, 0xd9, 0x08, 0x23, 0x6d, 0xa3, 0x03, 0x6b, 0x25, 0xf3,
    0x78, 0xea, 0x6b, 0xeb, 0x23, 0x6b, 0x80, 0xf4, 0x09, 0x10, 0x12, 0xea,
    0x1a, 0x6b, 0x64, 0xf4, 0x78, 0xea, 0x6b, 0xeb, 0x2b, 0x6a, 0x80, 0xf3,
    0x0c, 0x4a, 0xd9, 0xf4, 0x49, 0xe3, 0x12, 0xeb, 0x43, 0x32, 0x40, 0xf4,
    0x0c, 0x52, 0xff, 0xf7, 0x14, 0x6a, 0x02, 0x60, 0x7e, 0x52, 0x4b, 0xea,
    0x7d, 0x6a, 0x01, 0x61, 0x22, 0x6b, 0x00, 0xf0, 0xb1, 0xf0, 0x14, 0x4a,
    0x78, 0xea, 0x03, 0x4b, 0x0c, 0x91, 0x0d, 0x97, 0x17, 0xf3, 0x0b, 0x90,
    0x12, 0xea, 0x20, 0x6b, 0x43, 0x32, 0x43, 0x32, 0x00, 0x6a, 0x4b, 0xdb,
    0x00, 0xef, 0x07, 0x63, 0x13, 0x62, 0xf6, 0x63, 0x11, 0xd0, 0x12, 0xd1,
    0x8c, 0xe8, 0xff, 0x68, 0x04, 0x04, 0x20, 0x6e, 0x1f, 0x1a, 0x00, 0x6d,
    0x14, 0xf0, 0x14, 0x07, 0xa1, 0xf6, 0x20, 0x6c, 0x0d, 0xe4, 0x14, 0x4c,
    0x14, 0x5a, 0x40, 0xa3, 0x00, 0x6a, 0x02, 0x61, 0x11, 0xe4, 0x40, 0xc3,
    0x08, 0x32, 0x20, 0xa4, 0x6d, 0xe2, 0x10, 0x33, 0x68, 0x35, 0x2d, 0xe3,
    0x20, 0x6b, 0x14, 0xf0, 0x10, 0x4b, 0xe1, 0xf2, 0x0d, 0xd3, 0x6d, 0xe5,
    0x20, 0x6d, 0x14, 0xf0, 0x14, 0xf0, 0x60, 0x9b, 0x81, 0xf5, 0x20, 0x6f,
    0x81, 0xf6, 0x00, 0x4d, 0xb9, 0xe2, 0x14, 0x4f, 0x1b, 0x65, 0xfd, 0xe2,
    0x0d, 0x93, 0x0f, 0xd4, 0xc0, 0x9f, 0x80, 0x9e, 0xd9, 0xe4, 0x80, 0xdb,
    0x78, 0x67, 0x0f, 0x94, 0x7b, 0xe6, 0x0c, 0xd6, 0x60, 0xc4, 0x61, 0x41,
    0x20, 0x6b, 0x14, 0xf0, 0x0c, 0x4b, 0x81, 0xf6, 0x80, 0xa3, 0x0d, 0xe3,
    0x14, 0x5c, 0xc0, 0xdf, 0xe1, 0x44, 0x07, 0x60, 0xec, 0xec, 0xff, 0x6c,
    0x80, 0xc3, 0x04, 0x07, 0x03, 0x10, 0x4d, 0xe7, 0x4d, 0xe4, 0x04, 0x04,
    0x9b, 0xee, 0x14, 0x6c, 0xe5, 0xe8, 0x01, 0x2c, 0x12, 0xec, 0x04, 0x06,
    0x4d, 0xe6, 0x80, 0xdb, 0x14, 0xf0, 0x80, 0x9b, 0x04, 0x36, 0x20, 0x6b,
    0x10, 0x4b, 0x61, 0xf5, 0x18, 0x30, 0x6d, 0xe6, 0x4f, 0xe0, 0x80, 0xcb,
    0x20, 0x68, 0x14, 0xf0, 0x10, 0x48, 0xe0, 0xf7, 0x20, 0xf0, 0x01, 0xe3,
    0x04, 0x5b, 0x68, 0xa0, 0x20, 0x6b, 0x17, 0xf3, 0x04, 0x4b, 0x60, 0xf6,
    0x69, 0xe2, 0x06, 0x60, 0x1f, 0x6b, 0xff, 0xf7, 0x80, 0xda, 0x6c, 0xec,
    0x55, 0xe5, 0x04, 0x10, 0x40, 0x9d, 0x6d, 0xe2, 0x13, 0x97, 0x40, 0xdb,
    0x11, 0x90, 0x12, 0x91, 0x0a, 0x63, 0x00, 0x6a, 0x00, 0x65, 0x00, 0xef,
    0x11, 0x62, 0xf7, 0x63, 0x0f, 0xd0, 0x10, 0xd1, 0x8c, 0xe8, 0xff, 0x68,
    0x04, 0x04, 0x20, 0x6e, 0x1f, 0x1a, 0x00, 0x6d, 0x08, 0x31, 0x14, 0x07,
    0x2f, 0xe2, 0x18, 0x32, 0x20, 0x6a, 0x14, 0xf0, 0x10, 0x4a, 0xe0, 0xf7,
    0x20, 0xf0, 0x49, 0xe3, 0x06, 0x6a, 0xc8, 0xa2, 0x4e, 0xee, 0x67, 0x40,
    0x20, 0x6c, 0x14, 0xf0, 0x20, 0x6a, 0x14, 0xf0, 0x20, 0x6f, 0x14, 0xf0,
    0x81, 0xf6, 0x01, 0x4b, 0x41, 0xf6, 0x04, 0x4a, 0x61, 0xf2, 0x1c, 0x4c,
    0x27, 0x26, 0x10, 0x4f, 0x20, 0x6d, 0x14, 0xf0, 0x00, 0x4d, 0x81, 0xf5,
    0x6d, 0xe5, 0x68, 0x33, 0x14, 0xf0, 0xa0, 0x9b, 0x04, 0x33, 0x20, 0x6e,
    0x00, 0x4e, 0x61, 0xf2, 0xa0, 0xcb, 0x6d, 0xe6, 0x20, 0x6b, 0x17, 0xf3,
    0x04, 0x4b, 0x80, 0xf6, 0xa0, 0xdb, 0x6d, 0xe1, 0x20, 0x6d, 0x14, 0xf0,
    0x00, 0x6b, 0x09, 0xe2, 0x1c, 0x4d, 0x61, 0xf6, 0x09, 0xe5, 0x60, 0xc2,
    0x1d, 0xe7, 0x10, 0x30, 0x31, 0xe4, 0x60, 0xc2, 0x40, 0xdc, 0x00, 0x6a,
    0x41, 0xdf, 0x40, 0xdf, 0x43, 0xdf, 0x42, 0xdf, 0x15, 0xe2, 0x89, 0x10,
    0x04, 0x59, 0x20, 0xa5, 0xc0, 0xc5, 0x08, 0x61, 0x20, 0x6e, 0x14, 0xf0,
    0x1c, 0x4e, 0x61, 0xf6, 0x01, 0x6e, 0x15, 0xe6, 0x14, 0xf0, 0xc0, 0xc5,
    0x81, 0xf5, 0x20, 0x69, 0x68, 0x33, 0x00, 0x49, 0x60, 0x9b, 0x6d, 0xe1,
    0xc0, 0xa2, 0x09, 0xe2, 0x08, 0x33, 0x1b, 0x65, 0xa0, 0x9c, 0x71, 0xe4,
    0x58, 0x67, 0x0d, 0xd2, 0xd5, 0xe3, 0xa9, 0xe2, 0xb5, 0xe7, 0xa8, 0x35,
    0x01, 0x4e, 0xe0, 0x9d, 0x58, 0x67, 0xe7, 0xe2, 0x14, 0xf0, 0x40, 0xdd,
    0x61, 0xf6, 0x20, 0x6d, 0x20, 0xdc, 0x1c, 0x4d, 0xff, 0x6c, 0x09, 0xe5,
    0x40, 0xa2, 0x8c, 0xee, 0xc0, 0xc4, 0x0d, 0x94, 0x04, 0x06, 0x05, 0x22,
    0x2a, 0x31, 0x69, 0xe6, 0x07, 0x10, 0x20, 0xda, 0x01, 0x2e, 0xdb, 0xe9,
    0x04, 0x07, 0xe5, 0xe8, 0x12, 0xec, 0x69, 0xe7, 0x04, 0x01, 0x80, 0xda,
    0xa1, 0xaa, 0x69, 0xe1, 0x20, 0x6c, 0x14, 0xf0, 0x00, 0x4c, 0x61, 0xf2,
    0x49, 0xe4, 0x04, 0x32, 0x20, 0x6c, 0x17, 0xf3, 0x80, 0xf6, 0xa0, 0xca,
    0x49, 0xe3, 0x44, 0x44, 0x14, 0xf0, 0xa0, 0xda, 0x01, 0xf2, 0x20, 0x6a,
    0x38, 0x22, 0x4c, 0xa2, 0x01, 0x4a, 0x47, 0x40, 0x20, 0x6d, 0x14, 0xf0,
    0x00, 0x4d, 0x81, 0xf5, 0x49, 0xe5, 0x48, 0x32, 0x14, 0xf0, 0xe0, 0x9a,
    0xa6, 0x67, 0x20, 0x6e, 0x40, 0xf1, 0x4f, 0x47, 0x21, 0xf2, 0x09, 0x5a,
    0x14, 0xf0, 0x14, 0x4d, 0x21, 0xf2, 0x20, 0x6a, 0x01, 0xe5, 0x1c, 0x4a,
    0x65, 0xe2, 0x1d, 0x60, 0xea, 0xe9, 0x20, 0x99, 0x40, 0xa0, 0x19, 0x61,
    0x20, 0x6f, 0xff, 0x6b, 0x6c, 0xea, 0x01, 0x4a, 0xee, 0xea, 0x40, 0xc0,
    0x21, 0xf2, 0x15, 0x2a, 0x00, 0xf5, 0x54, 0xde, 0x41, 0xdd, 0x04, 0x4c,
    0x18, 0xf0, 0x60, 0x9c, 0xff, 0x4a, 0x20, 0x6a, 0x40, 0xdc, 0x6c, 0xea,
    0x14, 0xf0, 0x01, 0x6b, 0x41, 0xf2, 0x20, 0x6a, 0x04, 0x10, 0x7c, 0xda,
    0x6d, 0xe2, 0x00, 0x6c, 0xe0, 0xdb, 0x80, 0xc0, 0x10, 0x91, 0x11, 0x97,
    0x00, 0x6a, 0x0f, 0x90, 0x00, 0xef, 0x09, 0x63, 0x13, 0x62, 0xf6, 0x63,
    0x11, 0xd0, 0x12, 0xd1, 0x04, 0x67, 0xff, 0x6b, 0x17, 0xf3, 0x6c, 0xe8,
    0x08, 0x35, 0x20, 0x6c, 0x4c, 0x44, 0x20, 0xf5, 0x49, 0xe5, 0x04, 0xd5,
    0x04, 0x91, 0x40, 0x9a, 0x20, 0x6d, 0x14, 0xf0, 0x1f, 0x6f, 0xe7, 0xf7,
    0x0c, 0x4d, 0xe1, 0xf5, 0xec, 0xea, 0xb9, 0xe1, 0x40, 0xf5, 0x40, 0xde,
    0xd9, 0xe1, 0xcc, 0x44, 0x08, 0xf0, 0x20, 0x9e, 0x0e, 0xd2, 0x00, 0x6e,
    0xc2, 0x36, 0x2c, 0xee, 0x07, 0xd6, 0xda, 0x36, 0x01, 0x4e, 0xc7, 0x40,
    0xec, 0xe9, 0xc8, 0x36, 0x20, 0xde, 0xb9, 0xe6, 0x04, 0x91, 0x05, 0xd1,
    0xcc, 0x44, 0x60, 0xf5, 0x10, 0x4c, 0x20, 0xf2, 0xc0, 0x9e, 0xd9, 0xe1,
    0xec, 0xee, 0x91, 0xe1, 0xc7, 0x40, 0x08, 0xd6, 0xc8, 0x36, 0x09, 0x4e,
    0x08, 0x96, 0xb5, 0xe6, 0x20, 0x6f, 0x14, 0xf0, 0x20, 0x9c, 0xc0, 0xdd,
    0x22, 0x34, 0x01, 0x6d, 0xcc, 0xed, 0x9e, 0x36, 0x22, 0x31, 0x40, 0xf4,
    0xcc, 0xe9, 0x03, 0x6e, 0x92, 0x34, 0xc4, 0x67, 0x6c, 0xed, 0x6c, 0xec,
    0xa4, 0x34, 0x0a, 0xd4, 0x6c, 0xec, 0x6c, 0xee, 0x14, 0xf0, 0x6c, 0xe9,
    0x09, 0xd6, 0x20, 0x6b, 0x10, 0x36, 0x06, 0xd4, 0x00, 0x4b, 0x40, 0xf0,
    0x20, 0x6c, 0x14, 0xf0, 0xd5, 0xe3, 0x04, 0x2d, 0xaa, 0x85, 0xc4, 0xa5,
    0xd5, 0xe3, 0x03, 0x10, 0xab, 0x85, 0xc5, 0xa5, 0x58, 0xa7, 0x41, 0xf6,
    0x0d, 0xd7, 0x0c, 0xd3, 0xfd, 0x65, 0x57, 0xe5, 0xb8, 0xac, 0x80, 0xf7,
    0x1d, 0x65, 0x5f, 0x67, 0xb8, 0xea, 0xb8, 0x67, 0x1f, 0xf6, 0x12, 0xed,
    0xa0, 0x35, 0x00, 0x4d, 0xa3, 0x35, 0xa0, 0x35, 0x1d, 0x65, 0xa3, 0x35,
    0xb8, 0xac, 0x80, 0xf7, 0x00, 0x6c, 0x00, 0xf2, 0xd8, 0xed, 0x8d, 0xee,
    0x0b, 0xd5, 0x0e, 0x96, 0x80, 0x34, 0x12, 0xec, 0x83, 0x34, 0x80, 0x34,
    0xd8, 0xec, 0x83, 0x34, 0xd0, 0x34, 0xd8, 0x67, 0x80, 0x34, 0x80, 0x34,
    0x83, 0x34, 0x83, 0x34, 0x84, 0x34, 0x80, 0x34, 0x91, 0xe2, 0x12, 0xea,
    0x93, 0x34, 0x83, 0x34, 0x66, 0x13, 0x1f, 0x1a, 0x20, 0x6e, 0x14, 0xf0,
    0x81, 0xf5, 0x08, 0x34, 0xd9, 0xe4, 0x00, 0x4e, 0x06, 0x96, 0x0e, 0xd6,
    0x0c, 0x93, 0x0e, 0x94, 0x40, 0xdc, 0x44, 0xee, 0x0a, 0x94, 0x09, 0x96,
    0x0b, 0x95, 0x01, 0x6a, 0x4c, 0xec, 0xcd, 0xec, 0x02, 0x2c, 0x0d, 0x97,
    0x4f, 0x10, 0x05, 0x94, 0x4c, 0xec, 0x09, 0x94, 0x10, 0x32, 0x05, 0x24,
    0x86, 0xa2, 0x49, 0xe3, 0x26, 0x10, 0x4e, 0x82, 0x06, 0x6c, 0x0a, 0x96,
    0xa0, 0xf0, 0xcc, 0xea, 0x07, 0x96, 0x01, 0x22, 0x10, 0x29, 0x01, 0x2e,
    0x91, 0xe3, 0x10, 0x34, 0x41, 0xf6, 0x4f, 0x84, 0x87, 0xa4, 0xd8, 0xa7,
    0x58, 0xed, 0xcb, 0xe2, 0x1f, 0xf6, 0x12, 0xea, 0x40, 0x32, 0x00, 0x4a,
    0x43, 0x32, 0x40, 0x32, 0x19, 0x10, 0x43, 0x32, 0x05, 0x61, 0x01, 0x71,
    0x49, 0xe3, 0x10, 0x32, 0x50, 0x82, 0x88, 0xa2, 0x02, 0x71, 0x07, 0x10,
    0x04, 0x61, 0x80, 0xf0, 0x49, 0xe3, 0x10, 0x32, 0x51, 0x82, 0x89, 0xa2,
    0xd8, 0xa7, 0x41, 0xf6, 0x58, 0xed, 0xcb, 0xe2, 0x1f, 0xf6, 0x12, 0xea,
    0x40, 0x32, 0x00, 0x4a, 0x43, 0x32, 0x40, 0x32, 0x00, 0xf2, 0x43, 0x32,
    0xcd, 0xec, 0x00, 0x6e, 0x05, 0x96, 0x98, 0xed, 0x80, 0x34, 0x12, 0xec,
    0x83, 0x34, 0x80, 0x34, 0xd8, 0xec, 0x83, 0x34, 0x80, 0x34, 0x50, 0x34,
    0x83, 0x34, 0x80, 0x34, 0x80, 0x34, 0x83, 0x34, 0x12, 0xee, 0x84, 0x34,
    0x83, 0x34, 0x91, 0xe6, 0x0c, 0xd3, 0x93, 0x34, 0x0d, 0xd7, 0x0b, 0xd5,
    0x66, 0x13, 0x1f, 0x1a, 0x0b, 0x95, 0x0c, 0x93, 0x02, 0x21, 0x0d, 0x97,
    0x0a, 0x26, 0x07, 0x96, 0x01, 0x4c, 0x87, 0x40, 0x20, 0x69, 0x14, 0xf0,
    0x81, 0xf5, 0x88, 0x34, 0x91, 0xe1, 0x00, 0x49, 0x0e, 0x10, 0x46, 0x32,
    0xd8, 0x67, 0x03, 0x71, 0x46, 0x26, 0x06, 0x6c, 0x01, 0x4c, 0x87, 0x40,
    0x20, 0x6e, 0x14, 0xf0, 0x81, 0xf5, 0x88, 0x34, 0x01, 0x49, 0x00, 0x4e,
    0x44, 0xe9, 0x91, 0xe6, 0x82, 0xa3, 0x40, 0xdc, 0x00, 0x6a, 0x00, 0xf2,
    0x8d, 0xea, 0x08, 0x91, 0x10, 0x34, 0x58, 0xed, 0x72, 0x83, 0x8d, 0xe3,
    0x98, 0xa7, 0x41, 0xf6, 0x12, 0xea, 0x8f, 0xe3, 0x40, 0x32, 0x40, 0x32,
    0x43, 0x32, 0x43, 0x32, 0x12, 0xea, 0x38, 0xea, 0x12, 0xec, 0x78, 0xed,
    0x00, 0x4c, 0x1f, 0xf6, 0x80, 0x34, 0x80, 0x34, 0x83, 0x34, 0x83, 0x34,
    0x80, 0x34, 0x90, 0x34, 0x83, 0x34, 0x80, 0x34, 0x80, 0x34, 0x83, 0x34,
    0x91, 0xe2, 0x84, 0x34, 0x93, 0x34, 0x83, 0x34, 0x66, 0x13, 0x1f, 0x1a,
    0x09, 0x4b, 0x67, 0x40, 0x20, 0x6c, 0x14, 0xf0, 0x81, 0xf5, 0x68, 0x33,
    0x04, 0x95, 0x00, 0x4c, 0x17, 0xf3, 0x79, 0xe4, 0xa0, 0xf6, 0x20, 0x6b,
    0x6d, 0xe5, 0x04, 0x4b, 0x90, 0x67, 0x40, 0xde, 0x1f, 0x1a, 0x40, 0xdb,
    0x00, 0x6c, 0x0b, 0x14, 0x12, 0x91, 0x13, 0x97, 0x44, 0x67, 0x11, 0x90,
    0x00, 0xef, 0x0a, 0x63, 0x05, 0x62, 0xfd, 0x63, 0xff, 0x68, 0x04, 0xd0,
    0x20, 0x6a, 0x17, 0xf3, 0x80, 0xf5, 0x8c, 0xe8, 0x01, 0x6b, 0x18, 0x4a,
    0x60, 0xda, 0x09, 0x28, 0x1f, 0x1a, 0x00, 0x6c, 0x0b, 0x2a, 0x79, 0x14,
    0x1f, 0x1a, 0x90, 0x67, 0x07, 0x10, 0xcd, 0x13, 0x80, 0x9a, 0x64, 0xe8,
    0xfd, 0x24, 0x6c, 0xec, 0x90, 0x67, 0x60, 0xda, 0x05, 0x97, 0xf2, 0x17,
    0x03, 0x63, 0x04, 0x90, 0x00, 0x65, 0x00, 0xef, 0x20, 0x6a, 0x17, 0xf3,
    0x18, 0x4a, 0x80, 0xf5, 0xff, 0x6c, 0x60, 0x9a, 0x8c, 0xeb, 0x01, 0x4c,
    0xfd, 0x63, 0xf7, 0x23, 0x80, 0xda, 0x05, 0x62, 0x6d, 0x13, 0x1f, 0x1a,
    0x03, 0x63, 0x05, 0x97, 0x00, 0x65, 0x00, 0xef, 0x01, 0xd1, 0xff, 0x63,
    0xff, 0x68, 0x00, 0xd0, 0x47, 0x44, 0x0c, 0xec, 0x48, 0x33, 0x09, 0x4a,
    0x20, 0x6a, 0x14, 0xf0, 0x00, 0x4a, 0x81, 0xf5, 0xa0, 0x9a, 0x49, 0xe3,
    0x88, 0x32, 0x94, 0x37, 0x20, 0x6e, 0x14, 0xf0, 0xa1, 0xf6, 0x5f, 0xe7,
    0xdd, 0xe7, 0x1c, 0x4e, 0x01, 0x73, 0x63, 0x9f, 0x05, 0x23, 0x21, 0x60,
    0xce, 0xeb, 0x02, 0x6e, 0x00, 0x23, 0xa0, 0xf0, 0x22, 0xf1, 0xb0, 0x10,
    0xa0, 0xf0, 0x11, 0x5d, 0x01, 0x6b, 0x0c, 0x60, 0xa4, 0xec, 0xa3, 0x67,
    0x20, 0x6a, 0x17, 0xf3, 0xb0, 0xda, 0x00, 0xf1, 0x90, 0x34, 0x84, 0x32,
    0x14, 0xf0, 0x89, 0xe2, 0x22, 0xf0, 0x20, 0x6c, 0x91, 0xe2, 0x18, 0x4c,
    0x6d, 0xea, 0x4b, 0xa4, 0xa5, 0xac, 0x4b, 0xc4, 0xac, 0xea, 0x01, 0x6a,
    0x94, 0x10, 0x45, 0xcc, 0x03, 0x5d, 0x02, 0xf2, 0x90, 0x33, 0x84, 0x31,
    0x20, 0x6d, 0x14, 0xf0, 0x18, 0x4d, 0x22, 0xf0, 0x56, 0x61, 0x65, 0xe1,
    0xeb, 0xa5, 0x35, 0xe5, 0x6b, 0xeb, 0x02, 0x6b, 0x6b, 0xc5, 0xec, 0xeb,
    0x01, 0x6b, 0xe5, 0xad, 0x65, 0xcd, 0xec, 0xeb, 0x20, 0x6d, 0x17, 0xf3,
    0x10, 0x4d, 0x20, 0xf2, 0xe0, 0x9d, 0xb5, 0xe2, 0x30, 0x6b, 0x00, 0xf0,
    0xec, 0xeb, 0xff, 0x4b, 0x3e, 0x6f, 0xff, 0xf7, 0x20, 0x47, 0x05, 0xf6,
    0x16, 0x29, 0x25, 0xe3, 0x5f, 0xe3, 0x98, 0x33, 0x20, 0x6b, 0x14, 0xf0,
    0x10, 0x4b, 0xe0, 0xf7, 0x20, 0xf0, 0x6d, 0xe7, 0x00, 0xf0, 0x6a, 0xa3,
    0x72, 0x33, 0x36, 0x6f, 0x0c, 0x53, 0x0c, 0xeb, 0x00, 0xf0, 0x02, 0x60,
    0x1a, 0xf2, 0x34, 0x6f, 0x00, 0xf5, 0x00, 0x4f, 0x1e, 0x10, 0x60, 0x33,
    0x00, 0x4f, 0x01, 0xf6, 0x1c, 0x2b, 0xed, 0xe3, 0x4f, 0xe7, 0x98, 0x37,
    0x20, 0x6f, 0x14, 0xf0, 0x10, 0x4f, 0xe0, 0xf7, 0x20, 0xf0, 0xfd, 0xe3,
    0x03, 0x6b, 0x2a, 0xa7, 0xe4, 0xa7, 0x20, 0xf0, 0x2c, 0xeb, 0x2a, 0x31,
    0x60, 0x31, 0x40, 0xf4, 0xec, 0xeb, 0x0f, 0x6b, 0x00, 0xf5, 0x0c, 0xeb,
    0x00, 0xf0, 0x60, 0x33, 0x2d, 0xeb, 0x32, 0x6f, 0x00, 0x4f, 0x1e, 0xf2,
    0x60, 0xdd, 0xed, 0xeb, 0x4b, 0xe4, 0x94, 0x34, 0x00, 0x6a, 0x59, 0xe6,
    0x35, 0x10, 0x43, 0xde, 0xa5, 0xab, 0x2d, 0xe5, 0x31, 0x61, 0x6e, 0x5d,
    0x57, 0xe5, 0x98, 0x35, 0x20, 0x6a, 0x14, 0xf0, 0x10, 0x4a, 0xe0, 0xf7,
    0x20, 0xf0, 0x49, 0xe5, 0x80, 0x6d, 0xcf, 0xa2, 0xcd, 0xed, 0xab, 0xed,
    0xaf, 0xc2, 0x20, 0xf0, 0x01, 0x6a, 0x08, 0x4c, 0x17, 0xf3, 0x44, 0xec,
    0x00, 0xf1, 0x20, 0x6c, 0x8b, 0xa3, 0x50, 0xdc, 0x43, 0xdf, 0x02, 0x6a,
    0x8c, 0xea, 0xfc, 0x4a, 0x85, 0xab, 0x4b, 0xc3, 0x8c, 0xea, 0x01, 0x6a,
    0x11, 0x10, 0x45, 0xcb, 0x03, 0x5d, 0x02, 0xf2, 0x98, 0x34, 0x0e, 0x61,
    0x14, 0xf0, 0x4b, 0xe4, 0xe0, 0xf7, 0x20, 0x6c, 0x91, 0xe2, 0x10, 0x4c,
    0xaf, 0xa4, 0x20, 0xf0, 0xac, 0xea, 0x7f, 0x6a, 0x4f, 0xc4, 0x20, 0xf0,
    0x01, 0x91, 0x63, 0xdf, 0x00, 0x6a, 0x00, 0x90, 0x20, 0xe8, 0x01, 0x63,
    0x01, 0xd1, 0xff, 0x63, 0x47, 0x44, 0x00, 0xd0, 0x48, 0x33, 0x01, 0x4a,
    0x20, 0x6a, 0x14, 0xf0, 0x00, 0x4a, 0x81, 0xf5, 0x94, 0x36, 0x49, 0xe3,
    0x60, 0x9a, 0x88, 0x30, 0x14, 0xf0, 0x0b, 0xe6, 0xa1, 0xf6, 0x20, 0x6e,
    0xd9, 0xe2, 0x1c, 0x4e, 0x01, 0x69, 0xe1, 0x9e, 0x19, 0x21, 0xee, 0xe9,
    0x02, 0x6a, 0x04, 0x27, 0x4b, 0x27, 0x4e, 0xef, 0x63, 0xed, 0x5a, 0x10,
    0x84, 0x32, 0x58, 0x60, 0x89, 0xe2, 0x90, 0x34, 0x20, 0x6c, 0x14, 0xf0,
    0x18, 0x4c, 0x22, 0xf0, 0x43, 0xa4, 0x91, 0xe2, 0x61, 0xde, 0x01, 0x6b,
    0x43, 0xc4, 0x6d, 0xea, 0x01, 0x6a, 0xa1, 0xac, 0x41, 0xcc, 0xac, 0xea,
    0x14, 0xf0, 0x46, 0x10, 0x63, 0xed, 0x20, 0x6a, 0x84, 0x33, 0xe2, 0x67,
    0x22, 0xf0, 0x90, 0x35, 0xad, 0xe3, 0x18, 0x4f, 0x69, 0xe7, 0x0c, 0x61,
    0x02, 0x6b, 0x83, 0xa2, 0x8c, 0xeb, 0x6b, 0xeb, 0x81, 0xaa, 0x63, 0xc2,
    0x21, 0xde, 0x01, 0x6b, 0x61, 0xca, 0x8c, 0xeb, 0x6d, 0xe7, 0x30, 0x10,
    0x14, 0xf0, 0x41, 0xab, 0x60, 0xf2, 0x20, 0x6b, 0x46, 0x32, 0x7a, 0xab,
    0x27, 0x61, 0x62, 0xea, 0x0f, 0xe2, 0x98, 0x32, 0x20, 0x6a, 0x14, 0xf0,
    0x10, 0x4a, 0xe0, 0xf7, 0x20, 0xf0, 0x49, 0xe3, 0x80, 0x6b, 0xad, 0xa2,
    0xad, 0xeb, 0x6b, 0xeb, 0x6d, 0xc2, 0x20, 0xf0, 0x44, 0xec, 0x01, 0x6a,
    0x20, 0x6b, 0x17, 0xf3, 0x4c, 0xdb, 0x00, 0xf1, 0x41, 0xde, 0x02, 0x6a,
    0x63, 0xed, 0x10, 0x10, 0x98, 0x34, 0x0e, 0x61, 0x14, 0xf0, 0x0b, 0xe4,
    0xe0, 0xf7, 0x20, 0x6c, 0x91, 0xe2, 0x10, 0x4c, 0x6d, 0xa4, 0x20, 0xf0,
    0xe1, 0xde, 0x7f, 0x6a, 0x20, 0xf0, 0x6c, 0xea, 0x01, 0x91, 0x4d, 0xc4,
    0x00, 0x6a, 0x00, 0x90, 0x20, 0xe8, 0x01, 0x63, 0x4c, 0xec, 0xff, 0x6a,
    0x05, 0x61, 0x04, 0x5c, 0x21, 0x6a, 0x17, 0xf3, 0x1c, 0x4a, 0x10, 0xf0,
    0x17, 0xf3, 0x03, 0x10, 0x1c, 0x4a, 0x20, 0x6a, 0x40, 0x9a, 0x88, 0x33,
    0x02, 0x60, 0xc3, 0x67, 0x09, 0x4e, 0xc7, 0x43, 0x6f, 0xe4, 0x98, 0x34,
    0x20, 0x6c, 0x14, 0xf0, 0x10, 0x4c, 0xe0, 0xf7, 0x91, 0xe3, 0x46, 0xee,
    0xcc, 0xea, 0x0f, 0x6e, 0xc4, 0xa4, 0x20, 0xf0, 0x01, 0x4a, 0x0f, 0x6b,
    0xff, 0x6e, 0xcc, 0xeb, 0x08, 0x5b, 0xcc, 0xeb, 0x20, 0xf0, 0x0e, 0x60,
    0x03, 0x6c, 0x7a, 0xa4, 0x8c, 0xeb, 0x6e, 0x33, 0x8c, 0xeb, 0x03, 0x4b,
    0x02, 0x5e, 0x6c, 0xee, 0x48, 0x33, 0x06, 0x61, 0x6b, 0xe2, 0x58, 0x32,
    0x0c, 0x5b, 0x08, 0x10, 0x50, 0x33, 0x03, 0x60, 0x03, 0x10, 0x4b, 0xe3,
    0x4c, 0x32, 0x44, 0x33, 0x40, 0xcd, 0x49, 0xe3, 0x20, 0xe8, 0x00, 0x6a,
    0x0b, 0x62, 0xfa, 0x63, 0x09, 0xd0, 0x0a, 0xd1, 0x24, 0x67, 0xff, 0x6f,
    0x38, 0x30, 0xec, 0xe9, 0xab, 0xe0, 0x28, 0x35, 0x20, 0x68, 0x14, 0xf0,
    0x10, 0x48, 0xe0, 0xf7, 0x20, 0xf0, 0x01, 0xe2, 0x14, 0xf0, 0x48, 0xa0,
    0x83, 0x67, 0x20, 0x6b, 0xa1, 0xf6, 0x06, 0x72, 0x34, 0x32, 0x1c, 0x4c,
    0x20, 0xf0, 0x0a, 0x60, 0x7f, 0x6b, 0xcc, 0xa0, 0xcc, 0xeb, 0xab, 0xe2,
    0x6c, 0xc0, 0x20, 0xf0, 0x00, 0x6a, 0x4d, 0xe4, 0x20, 0xf0, 0x5a, 0x10,
    0x01, 0x6b, 0xcb, 0xa0, 0xda, 0x36, 0xab, 0xe2, 0xc3, 0x67, 0xcc, 0xeb,
    0x40, 0x9b, 0x4d, 0xe4, 0x01, 0x72, 0xec, 0xee, 0x03, 0x22, 0x1d, 0x60,
    0x4d, 0x60, 0x02, 0x72, 0x20, 0xf0, 0x54, 0x10, 0x7f, 0x6a, 0x8c, 0xa0,
    0x20, 0xf0, 0x8c, 0xea, 0x4d, 0x26, 0x4c, 0xc0, 0x30, 0x31, 0x24, 0x32,
    0x14, 0xf0, 0x29, 0xe2, 0x22, 0xf0, 0x20, 0x69, 0x25, 0xe2, 0x18, 0x49,
    0x01, 0x6c, 0x41, 0xa1, 0x8d, 0xea, 0x80, 0xdb, 0xa0, 0xa9, 0x41, 0xc1,
    0xac, 0xea, 0x01, 0x6a, 0x3b, 0x10, 0x40, 0xc9, 0x91, 0x67, 0x04, 0x05,
    0x06, 0xd6, 0x07, 0xd3, 0xe7, 0x15, 0x1f, 0x1a, 0x20, 0x6a, 0x14, 0xf0,
    0x82, 0x67, 0x06, 0x96, 0x30, 0x37, 0x24, 0x35, 0x18, 0x4c, 0x22, 0xf0,
    0x07, 0x93, 0xe9, 0xe5, 0x0a, 0x2e, 0x49, 0xe4, 0x02, 0x6c, 0xa1, 0xa2,
    0xac, 0xec, 0x8b, 0xec, 0xa0, 0xaa, 0x81, 0xc2, 0xac, 0xec, 0x01, 0x6c,
    0x1e, 0x10, 0x80, 0xca, 0xbd, 0x67, 0x40, 0xaa, 0x46, 0x32, 0x88, 0xad,
    0x19, 0x61, 0x82, 0xea, 0x8c, 0xa0, 0x20, 0xf0, 0x4b, 0xea, 0x80, 0x6a,
    0x20, 0xf0, 0x8d, 0xea, 0x18, 0x49, 0x4c, 0xc0, 0x44, 0xe9, 0x01, 0x6a,
    0x20, 0x6c, 0x17, 0xf3, 0x4c, 0xdc, 0x00, 0xf1, 0x40, 0xdb, 0x02, 0x6a,
    0x07, 0x2e, 0x08, 0x10, 0x8c, 0xa0, 0x20, 0xf0, 0x8c, 0xea, 0x7f, 0x6a,
    0x4c, 0xc0, 0x20, 0xf0, 0x0b, 0x97, 0xc0, 0xdb, 0x09, 0x90, 0x0a, 0x91,
    0x06, 0x63, 0x00, 0x6a, 0x00, 0x65, 0x00, 0xef, 0x4c, 0xec, 0xff, 0x6a,
    0x20, 0x6a, 0x17, 0xf3, 0x20, 0xf2, 0x88, 0x35, 0x49, 0xe5, 0x10, 0x4a,
    0xff, 0xf7, 0x60, 0x9a, 0x6c, 0xea, 0x1f, 0x6a, 0x00, 0x72, 0x1e, 0xf2,
    0x17, 0x60, 0x94, 0x32, 0xaf, 0xe4, 0x98, 0x34, 0x20, 0x6c, 0x14, 0xf0,
    0x10, 0x4c, 0xe0, 0xf7, 0x20, 0xf0, 0x91, 0xe3, 0x7f, 0x6b, 0xcd, 0xa4,
    0x20, 0xf0, 0xcc, 0xeb, 0xaf, 0xe2, 0x6d, 0xc4, 0x20, 0x6a, 0x14, 0xf0,
    0x1c, 0x4a, 0xa1, 0xf6, 0x00, 0x6b, 0x49, 0xe3, 0x00, 0x6a, 0x61, 0xda,
    0xfd, 0x63, 0x20, 0xe8, 0x4d, 0xe5, 0x05, 0x62, 0x20, 0x6a, 0x14, 0xf0,
    0x00, 0x4a, 0x40, 0xf1, 0x20, 0xf0, 0x49, 0xe3, 0x7e, 0x33, 0x62, 0xa2,
    0x20, 0xf0, 0x0c, 0x23, 0x3f, 0x6a, 0x60, 0xa2, 0x4c, 0xed, 0x66, 0x35,
    0x7e, 0x33, 0xa0, 0x35, 0xa4, 0x35, 0x01, 0x6a, 0xa4, 0xeb, 0x4e, 0xeb,
    0x98, 0x33, 0x08, 0x10, 0x20, 0x6a, 0x14, 0xf0, 0xe0, 0xf7, 0xaf, 0xe3,
    0x49, 0xe3, 0x10, 0x4a, 0x1f, 0x1a, 0xb3, 0xaa, 0x05, 0x97, 0xa9, 0x15,
    0x00, 0xef, 0x03, 0x63, 0x03, 0xd1, 0xfe, 0x63, 0xff, 0x6a, 0x02, 0xd0,
    0x17, 0xf3, 0x4c, 0xec, 0x88, 0x32, 0x20, 0x6e, 0x10, 0x4e, 0x20, 0xf2,
    0xa0, 0x9e, 0xd9, 0xe2, 0x1f, 0x6b, 0xff, 0xf7, 0x6c, 0xed, 0x94, 0x30,
    0x00, 0x75, 0x1a, 0xf2, 0x20, 0x6d, 0x14, 0xf0, 0x1c, 0x4d, 0xa1, 0xf6,
    0xc0, 0x9e, 0x16, 0x60, 0x1e, 0xf2, 0xcc, 0xeb, 0x11, 0x60, 0x00, 0x73,
    0x4f, 0xe4, 0x98, 0x34, 0x20, 0x6c, 0x14, 0xf0, 0x10, 0x4c, 0xe0, 0xf7,
    0x20, 0xf0, 0x91, 0xe3, 0x7f, 0x6b, 0xce, 0xa4, 0xcc, 0xeb, 0x4b, 0xe0,
    0x20, 0xf0, 0x55, 0xe5, 0x00, 0x6a, 0x6e, 0xc4, 0x5b, 0xe0, 0x7b, 0x10,
    0xe2, 0x9e, 0xd9, 0xe5, 0x20, 0x6b, 0x14, 0xf0, 0x00, 0x4b, 0x81, 0xf5,
    0x4d, 0xe3, 0x01, 0x69, 0x60, 0x9b, 0xee, 0xe9, 0x04, 0x27, 0x29, 0x21,
    0xee, 0xed, 0x02, 0x6d, 0x7f, 0x10, 0x6d, 0x25, 0x57, 0xe5, 0x98, 0x35,
    0x20, 0x6a, 0x14, 0xf0, 0x10, 0x4a, 0xe0, 0xf7, 0x20, 0xf0, 0x49, 0xe5,
    0x7f, 0x6d, 0xee, 0xa2, 0x00, 0x4b, 0x18, 0xf0, 0x07, 0xf0, 0xec, 0xed,
    0x20, 0xf0, 0x01, 0x5b, 0x6d, 0x61, 0xae, 0xc2, 0x90, 0x34, 0x84, 0x32,
    0x14, 0xf0, 0x89, 0xe2, 0x22, 0xf0, 0x20, 0x6c, 0x91, 0xe2, 0x18, 0x4c,
    0x01, 0x6b, 0x49, 0xa4, 0x6d, 0xea, 0x62, 0xde, 0xa4, 0xac, 0x49, 0xc4,
    0xac, 0xea, 0x01, 0x6a, 0x5b, 0x10, 0x44, 0xcc, 0xe0, 0x43, 0x08, 0xf0,
    0x01, 0x5f, 0x07, 0xf0, 0x00, 0xd7, 0x84, 0x37, 0x01, 0xd7, 0x90, 0x37,
    0x20, 0x6f, 0x14, 0xf0, 0x18, 0x4f, 0x22, 0xf0, 0x00, 0x93, 0x0f, 0x60,
    0x22, 0xde, 0x01, 0x94, 0x5d, 0xe7, 0x89, 0xe3, 0x02, 0x6a, 0x69, 0xa7,
    0x6c, 0xea, 0x4b, 0xea, 0x64, 0xaf, 0x49, 0xc7, 0x6c, 0xea, 0x01, 0x6a,
    0x3f, 0x10, 0x44, 0xcf, 0x01, 0x91, 0x00, 0x96, 0xdd, 0xe7, 0x39, 0xe6,
    0xc8, 0x5e, 0xc4, 0xaf, 0x14, 0xf0, 0x38, 0x61, 0x80, 0x6f, 0x20, 0x69,
    0x00, 0x5b, 0x08, 0xf0, 0xe0, 0xf7, 0x98, 0x36, 0xeb, 0xef, 0x10, 0x49,
    0x5b, 0xe6, 0x09, 0x60, 0x20, 0xf0, 0xd9, 0xe1, 0x08, 0x4c, 0x6e, 0xa6,
    0x20, 0xf0, 0x6d, 0xef, 0x07, 0x10, 0xee, 0xc6, 0x79, 0xe1, 0x4f, 0xe6,
    0x6e, 0xa6, 0x20, 0xf0, 0x20, 0xf0, 0x6d, 0xef, 0x01, 0x6b, 0xee, 0xc6,
    0x4b, 0xe0, 0x64, 0xec, 0x20, 0x6c, 0x17, 0xf3, 0x00, 0xf1, 0x55, 0xe5,
    0x02, 0x6a, 0x74, 0xdc, 0x13, 0x10, 0x42, 0xdd, 0x00, 0x4b, 0x18, 0xf0,
    0x01, 0x5b, 0x07, 0xf0, 0x98, 0x34, 0x0e, 0x60, 0x14, 0xf0, 0x53, 0xe4,
    0xe0, 0xf7, 0x20, 0x6a, 0x49, 0xe4, 0x10, 0x4a, 0x8e, 0xa2, 0x20, 0xf0,
    0xa2, 0xde, 0x7f, 0x6b, 0x20, 0xf0, 0x8c, 0xeb, 0x03, 0x91, 0x6e, 0xc2,
    0x00, 0x6a, 0x02, 0x90, 0x20, 0xe8, 0x02, 0x63, 0x05, 0xd1, 0xfd, 0x63,
    0xff, 0x6a, 0x04, 0xd0, 0x98, 0x32, 0x4c, 0xec, 0xcf, 0xe2, 0x88, 0x36,
    0x20, 0x6a, 0x14, 0xf0, 0x10, 0x4a, 0xe0, 0xf7, 0x20, 0xf0, 0x49, 0xe3,
    0x14, 0xf0, 0x48, 0xa2, 0xa1, 0xf6, 0x20, 0x6d, 0x01, 0x72, 0x1c, 0x4d,
    0x07, 0x72, 0x13, 0x60, 0x94, 0x34, 0x11, 0x60, 0x95, 0xe5, 0xd3, 0xe4,
    0x46, 0xdd, 0x00, 0x6a, 0x20, 0x6d, 0x17, 0xf3, 0x00, 0x4d, 0x00, 0xf6,
    0x60, 0x9e, 0xb9, 0xe6, 0x38, 0x6a, 0xff, 0xf7, 0x6c, 0xea, 0xff, 0x4a,
    0x7d, 0x10, 0x40, 0xde, 0x01, 0xd7, 0x94, 0x37, 0xfd, 0xe5, 0xdf, 0xe7,
    0x14, 0xf0, 0x06, 0x9f, 0x17, 0xf3, 0x20, 0x6a, 0x81, 0xf5, 0x20, 0x6b,
    0x00, 0xf6, 0x00, 0x4a, 0x01, 0x70, 0x00, 0x4b, 0xc9, 0xe2, 0x6d, 0xe6,
    0x00, 0xd3, 0x38, 0x67, 0x60, 0x9b, 0x40, 0x9a, 0x1b, 0x21, 0x02, 0xd1,
    0x02, 0x6d, 0x04, 0x20, 0x48, 0x20, 0xae, 0xe8, 0xe3, 0xf7, 0x62, 0x10,
    0x5d, 0x61, 0x1f, 0x5a, 0x90, 0x34, 0x84, 0x32, 0x14, 0xf0, 0x95, 0xe2,
    0x44, 0x67, 0x20, 0x6c, 0x18, 0x4a, 0x22, 0xf0, 0x41, 0xa4, 0x51, 0xe5,
    0xa6, 0xdf, 0x01, 0x6d, 0x41, 0xc4, 0xad, 0xea, 0x01, 0x6a, 0xc0, 0xac,
    0x40, 0xcc, 0xcc, 0xea, 0xe3, 0xf7, 0x4a, 0x10, 0x14, 0xf0, 0x1f, 0x5a,
    0x84, 0x31, 0x20, 0x68, 0x22, 0xf0, 0x90, 0x32, 0x12, 0x60, 0x18, 0x48,
    0x38, 0x6c, 0xff, 0xf7, 0x8c, 0xeb, 0xff, 0x4c, 0x49, 0xe1, 0x02, 0x94,
    0x86, 0xdf, 0x41, 0xe0, 0x02, 0x6a, 0x81, 0xa0, 0x8c, 0xea, 0x4b, 0xea,
    0x80, 0xa8, 0x41, 0xc0, 0x8c, 0xea, 0x01, 0x6a, 0x2f, 0x10, 0x40, 0xc8,
    0x41, 0xe0, 0x49, 0xe1, 0x78, 0x5a, 0x40, 0xa8, 0x00, 0xf0, 0x2a, 0x61,
    0x04, 0x5c, 0x28, 0x6a, 0x40, 0x6a, 0x4d, 0xeb, 0x80, 0x6a, 0x01, 0x61,
    0x17, 0xf3, 0x01, 0x97, 0x00, 0xf1, 0x20, 0x6c, 0xdb, 0xe7, 0x44, 0xdc,
    0x02, 0x6a, 0xd5, 0xe5, 0x19, 0x10, 0x46, 0xdd, 0x1f, 0x5a, 0xe3, 0xf7,
    0x84, 0x32, 0x16, 0x60, 0x89, 0xe2, 0x90, 0x34, 0x20, 0x6c, 0x14, 0xf0,
    0x18, 0x4c, 0x22, 0xf0, 0xa1, 0xa4, 0x91, 0xe2, 0x4b, 0xea, 0x02, 0x6a,
    0x41, 0xc4, 0xac, 0xea, 0x01, 0x6a, 0xa0, 0xac, 0xac, 0xea, 0x06, 0xdf,
    0xff, 0xf7, 0x40, 0xcc, 0xff, 0x4a, 0x38, 0x6a, 0x00, 0x90, 0x4c, 0xeb,
    0x05, 0x91, 0x60, 0xd8, 0x00, 0x6a, 0x04, 0x90, 0x20, 0xe8, 0x03, 0x63,
    0x05, 0x62, 0xfd, 0x63, 0x14, 0xf0, 0x04, 0xd0, 0x81, 0xf5, 0x20, 0x68,
    0x1f, 0x1a, 0x00, 0x48, 0x98, 0x98, 0x36, 0x15, 0x2e, 0x05, 0x1f, 0x1a,
    0x00, 0x68, 0x99, 0x98, 0x7a, 0x05, 0x1f, 0x1a, 0x1f, 0x1a, 0x90, 0x67,
    0x90, 0x67, 0x3f, 0x15, 0x73, 0x16, 0x1f, 0x1a, 0x1f, 0x1a, 0x90, 0x67,
    0x90, 0x67, 0x06, 0x16, 0x4d, 0x16, 0x1f, 0x1a, 0x01, 0x48, 0x90, 0x67,
    0xd4, 0x16, 0x1f, 0x1a, 0xee, 0x61, 0x08, 0x70, 0x04, 0x90, 0x05, 0x97,
    0x03, 0x63, 0x00, 0x6a, 0x00, 0x65, 0x00, 0xef, 0x04, 0x6a, 0x0c, 0x5d,
    0x07, 0x6a, 0x01, 0x61, 0x20, 0x6b, 0x17, 0xf3, 0x08, 0x4b, 0x80, 0xf7,
    0x71, 0xe4, 0x88, 0x34, 0x3f, 0xf7, 0xa0, 0x9c, 0xff, 0x4b, 0x20, 0x6b,
    0x40, 0xf5, 0xac, 0xeb, 0x6d, 0xea, 0x40, 0x32, 0x20, 0xe8, 0x40, 0xdc,
    0x0b, 0x62, 0xfa, 0x63, 0x09, 0xd0, 0x0a, 0xd1, 0x8c, 0xe8, 0xff, 0x68,
    0x08, 0x33, 0x18, 0x32, 0x20, 0x6f, 0x14, 0xf0, 0xe0, 0xf7, 0x77, 0xe2,
    0x05, 0xd2, 0x10, 0x4f, 0x20, 0xf0, 0xf5, 0xe5, 0x14, 0xf0, 0x9a, 0xa5,
    0xff, 0x6a, 0x20, 0x69, 0x03, 0x6c, 0x8e, 0x36, 0xc1, 0xf7, 0xcc, 0xec,
    0x8c, 0xea, 0x1c, 0x49, 0xc0, 0x9c, 0x31, 0xe3, 0x17, 0x26, 0x04, 0xd2,
    0x9d, 0xe3, 0x14, 0x34, 0x20, 0x6c, 0x14, 0xf0, 0x00, 0x4c, 0x40, 0xf1,
    0xe6, 0xa4, 0x91, 0xe7, 0x4b, 0xea, 0x03, 0x6a, 0xf8, 0x67, 0x1f, 0x65,
    0x02, 0x76, 0xec, 0xea, 0x50, 0x60, 0x46, 0xc4, 0xa0, 0xf0, 0x03, 0x76,
    0x01, 0x76, 0x1d, 0x60, 0x1b, 0x61, 0xe0, 0xf0, 0x42, 0x40, 0x2c, 0x10,
    0x14, 0xf0, 0x48, 0x35, 0xa0, 0xf7, 0x20, 0x6a, 0x49, 0xe5, 0x08, 0x4a,
    0xba, 0x35, 0xa1, 0xa2, 0x1e, 0x60, 0x03, 0x75, 0x01, 0x74, 0x04, 0x94,
    0x40, 0xa2, 0x06, 0x61, 0x01, 0x6a, 0x46, 0x34, 0xe0, 0xf0, 0x8c, 0xea,
    0x14, 0x30, 0x06, 0x2a, 0x14, 0xf0, 0x09, 0xe3, 0x40, 0xf1, 0x20, 0x68,
    0x01, 0xe2, 0x00, 0x48, 0x01, 0x6c, 0xa6, 0xa0, 0x4c, 0xec, 0xa6, 0x32,
    0xc0, 0xf0, 0x11, 0x6a, 0xec, 0x4a, 0x19, 0x24, 0x46, 0xc0, 0xac, 0xea,
    0x01, 0x6a, 0x65, 0xe1, 0xd2, 0x10, 0x40, 0xd9, 0x40, 0xdc, 0x01, 0x6a,
    0x04, 0x97, 0xcf, 0x10, 0x16, 0x61, 0x01, 0x77, 0x48, 0x34, 0x42, 0x40,
    0x20, 0x6a, 0x14, 0xf0, 0x08, 0x4a, 0xa0, 0xf7, 0x40, 0xa2, 0x49, 0xe4,
    0x01, 0x6a, 0x46, 0x34, 0x0a, 0x22, 0x8c, 0xea, 0x20, 0x6a, 0x17, 0xf3,
    0x10, 0x4a, 0x20, 0xf2, 0x00, 0xf0, 0x4d, 0xe3, 0x10, 0xf1, 0x22, 0x6a,
    0x40, 0xdb, 0x02, 0x4a, 0x05, 0xe1, 0x08, 0x30, 0x6e, 0x10, 0x02, 0x6a,
    0xe2, 0xa4, 0x20, 0xf0, 0xfa, 0x37, 0x01, 0x6e, 0x17, 0x27, 0xcc, 0xef,
    0x81, 0xa4, 0x20, 0xf0, 0x8c, 0xee, 0xff, 0x6a, 0x11, 0x26, 0x4c, 0xee,
    0x8a, 0xa5, 0x20, 0xf0, 0xcc, 0xea, 0x92, 0x36, 0x0b, 0x60, 0x0c, 0x52,
    0x01, 0x4a, 0x4b, 0x32, 0x48, 0x32, 0x01, 0x6e, 0x0f, 0x6e, 0xcd, 0xea,
    0xcc, 0xec, 0x50, 0x32, 0x20, 0xf0, 0x4d, 0xec, 0x05, 0x94, 0x8a, 0xc5,
    0x20, 0x6a, 0x14, 0xf0, 0x10, 0x4a, 0xe0, 0xf7, 0xfd, 0xe2, 0x7f, 0xe4,
    0xaa, 0xa7, 0x20, 0xf0, 0x36, 0x6a, 0x00, 0xf0, 0x0c, 0x55, 0xb2, 0x35,
    0x00, 0xf0, 0x02, 0x60, 0x1a, 0xf2, 0x34, 0x6a, 0x00, 0xf5, 0x00, 0x4a,
    0x4d, 0xee, 0xa0, 0x36, 0x20, 0x6a, 0x14, 0xf0, 0x4d, 0xa2, 0x01, 0xf2,
    0x90, 0x67, 0x07, 0x22, 0x06, 0xd6, 0x07, 0xd3, 0x3d, 0x17, 0x1f, 0x1a,
    0x07, 0x93, 0x06, 0x96, 0x20, 0x6a, 0x17, 0xf3, 0x80, 0x42, 0x30, 0xf2,
    0xc0, 0xdc, 0x91, 0xe3, 0x20, 0x6c, 0x14, 0xf0, 0x0c, 0x4c, 0x22, 0xf0,
    0x01, 0x6d, 0x91, 0xe0, 0x00, 0x4a, 0x00, 0xf6, 0x49, 0xe3, 0xa0, 0xc4,
    0xff, 0xf7, 0xa0, 0x9a, 0xff, 0x4c, 0x3e, 0x6c, 0x00, 0xf0, 0xac, 0xec,
    0xad, 0xec, 0x22, 0x6d, 0x90, 0x67, 0x80, 0xda, 0x1f, 0x1a, 0x07, 0xd3,
    0x04, 0x32, 0xd5, 0x08, 0x09, 0xe2, 0x10, 0x30, 0x20, 0x68, 0x14, 0xf0,
    0x18, 0x48, 0x22, 0xf0, 0x81, 0xa0, 0x01, 0xe2, 0x07, 0x93, 0x01, 0x6a,
    0x41, 0xc0, 0x8d, 0xea, 0x01, 0x6a, 0x80, 0xa8, 0x8c, 0xea, 0x65, 0xe1,
    0x03, 0x6a, 0x40, 0xc8, 0x41, 0x10, 0x40, 0xd9, 0x10, 0x36, 0x04, 0x32,
    0x14, 0xf0, 0xd9, 0xe2, 0x22, 0xf0, 0x20, 0x6a, 0x49, 0xe6, 0x18, 0x4a,
    0x14, 0xf0, 0xc0, 0xaa, 0xe0, 0xf2, 0x20, 0x6f, 0xc6, 0x36, 0xec, 0xa7,
    0x31, 0x61, 0xe2, 0xee, 0x02, 0x6e, 0xe1, 0xa2, 0xec, 0xee, 0xcb, 0xee,
    0xe0, 0xaa, 0xc1, 0xc2, 0xec, 0xee, 0x01, 0x6e, 0x20, 0xf0, 0xc0, 0xca,
    0x01, 0x6a, 0xd9, 0xa5, 0x20, 0xf0, 0x4d, 0xee, 0x17, 0xf3, 0xd9, 0xc5,
    0x50, 0xf2, 0x20, 0x6e, 0xed, 0xe3, 0xe0, 0x46, 0x4c, 0xeb, 0x60, 0x9b,
    0x00, 0x6a, 0x02, 0x2b, 0x44, 0xe8, 0x13, 0x10, 0x20, 0xf0, 0x40, 0x32,
    0x40, 0x32, 0x71, 0xa5, 0x0c, 0x4e, 0x00, 0xf1, 0x80, 0x6a, 0x40, 0xde,
    0x6d, 0xea, 0x4b, 0xea, 0x51, 0xc5, 0x20, 0xf0, 0x4e, 0x33, 0x40, 0xa4,
    0x6c, 0xea, 0x01, 0x6a, 0x10, 0x6a, 0xec, 0x22, 0x01, 0xe1, 0x08, 0x30,
    0x60, 0xd8, 0x02, 0x6b, 0x01, 0x6a, 0x01, 0x10, 0x0a, 0x91, 0x0b, 0x97,
    0x06, 0x63, 0x09, 0x90, 0x00, 0x65, 0x00, 0xef, 0x4c, 0xec, 0xff, 0x6a,
    0x4c, 0xed, 0x04, 0x5c, 0x01, 0x4c, 0x12, 0x60, 0x8c, 0x34, 0x84, 0x32,
    0x00, 0xf2, 0x53, 0xe4, 0x17, 0xf3, 0x1c, 0x6a, 0x69, 0xe2, 0x20, 0x6b,
    0x3f, 0x6b, 0xc0, 0x9a, 0x6f, 0xeb, 0x64, 0xec, 0xa4, 0xec, 0xcc, 0xeb,
    0xa0, 0xda, 0x6d, 0xed, 0xfc, 0x4c, 0x20, 0xe8, 0x8c, 0x34, 0x84, 0x32,
    0x20, 0xf2, 0x53, 0xe4, 0xed, 0x17, 0x00, 0x6a, 0x11, 0x62, 0xf7, 0x63,
    0x0f, 0xd0, 0x10, 0xd1, 0x7d, 0x67, 0xff, 0x6d, 0x00, 0x6a, 0x24, 0x67,
    0xac, 0xe9, 0x59, 0xc3, 0x58, 0xc3, 0x00, 0x6a, 0x38, 0x33, 0x28, 0x30,
    0x20, 0x6f, 0x14, 0xf0, 0x10, 0x4f, 0xe0, 0xf7, 0x04, 0xd2, 0x05, 0xd2,
    0xe9, 0xe2, 0x0b, 0xe3, 0x20, 0xf0, 0x08, 0xd3, 0x91, 0x67, 0x5a, 0xa2,
    0x4e, 0x33, 0x0d, 0xd7, 0x6c, 0xea, 0x03, 0x6a, 0xac, 0xeb, 0x62, 0x67,
    0x0c, 0xd3, 0x06, 0x05, 0x75, 0x04, 0x1f, 0x1a, 0x58, 0xa4, 0x9d, 0x67,
    0x20, 0x6e, 0x14, 0xf0, 0x00, 0x4e, 0xa0, 0xf7, 0xc9, 0xe2, 0x44, 0x32,
    0x00, 0xf0, 0x40, 0xaa, 0x91, 0x67, 0x19, 0x05, 0x09, 0xd2, 0x0b, 0xd6,
    0x6b, 0x04, 0x1f, 0x1a, 0x0d, 0x97, 0x0c, 0x93, 0x02, 0x73, 0x0b, 0x96,
    0x42, 0x41, 0x0d, 0x61, 0x14, 0xf0, 0x48, 0x33, 0xa0, 0xf7, 0x20, 0x6a,
    0x49, 0xe3, 0x08, 0x4a, 0x5a, 0x32, 0x41, 0xa2, 0x02, 0x61, 0x03, 0x72,
    0x09, 0xd6, 0xc2, 0xae, 0x14, 0xf0, 0x34, 0x33, 0x69, 0xe0, 0x20, 0x6d,
    0x00, 0x4d, 0x40, 0xf1, 0x86, 0xa2, 0xa9, 0xe2, 0x03, 0x6b, 0x0a, 0xd3,
    0x8c, 0xeb, 0x6b, 0xeb, 0x66, 0xc2, 0x08, 0x94, 0x0f, 0xe4, 0x7f, 0x6a,
    0x20, 0xf0, 0x6d, 0xe7, 0x8c, 0xea, 0x91, 0xa3, 0x20, 0x6c, 0x14, 0xf0,
    0x1c, 0x4c, 0xa1, 0xf7, 0x20, 0xf0, 0x19, 0xe4, 0x40, 0x9e, 0x51, 0xc3,
    0x6c, 0x60, 0x01, 0x72, 0x02, 0x6d, 0x14, 0x22, 0x00, 0xf1, 0xae, 0xea,
    0x14, 0xf0, 0x13, 0x2a, 0x81, 0xf7, 0x20, 0x6c, 0x20, 0xf0, 0x1c, 0x4c,
    0x01, 0xe4, 0xa4, 0xa3, 0x8b, 0xec, 0x21, 0x6c, 0x40, 0xd8, 0xac, 0xec,
    0x84, 0xc3, 0x20, 0xf0, 0x12, 0x6a, 0x40, 0xde, 0x20, 0xf0, 0x04, 0x11,
    0x61, 0x6a, 0x84, 0xa3, 0x8c, 0xea, 0x4b, 0xea, 0x20, 0xf0, 0x0f, 0x6c,
    0x8c, 0xea, 0x44, 0xc3, 0x08, 0x61, 0x0c, 0x5a, 0xaa, 0xa3, 0x20, 0xf0,
    0x8c, 0xed, 0xe4, 0x4c, 0xad, 0xec, 0x08, 0x6c, 0x8a, 0xc3, 0x20, 0xf0,
    0x20, 0x6b, 0x14, 0xf0, 0x6d, 0xa3, 0x01, 0xf2, 0x0c, 0x6b, 0x1e, 0x23,
    0x04, 0x73, 0x4c, 0xeb, 0x14, 0xf0, 0x12, 0x61, 0x01, 0xf2, 0x20, 0x6b,
    0x2d, 0xe3, 0x04, 0x4b, 0x00, 0x6d, 0x60, 0xa3, 0x02, 0x61, 0x11, 0x5b,
    0xf8, 0x4d, 0xa8, 0x43, 0x0b, 0xd2, 0x91, 0x67, 0x1f, 0x1a, 0x0d, 0xd7,
    0x0d, 0x97, 0xe2, 0x17, 0xa2, 0x67, 0x0b, 0x92, 0x0b, 0xd2, 0x91, 0x67,
    0x1f, 0x1a, 0x0d, 0xd7, 0x0d, 0x97, 0x3d, 0x17, 0x08, 0x96, 0x0b, 0x92,
    0x00, 0xf5, 0x03, 0x6c, 0x0f, 0xe6, 0x40, 0x32, 0x20, 0xf0, 0x7d, 0xe7,
    0x6a, 0x33, 0x6a, 0xa7, 0x40, 0xf4, 0x8c, 0xeb, 0x6d, 0xea, 0x60, 0x33,
    0x32, 0x6b, 0x00, 0xf0, 0x00, 0x4b, 0x1e, 0xf2, 0x05, 0xd2, 0x6d, 0xea,
    0x17, 0xf3, 0x05, 0x93, 0x20, 0xf2, 0x20, 0x6a, 0x49, 0xe0, 0x10, 0x4a,
    0x14, 0xf0, 0x60, 0xda, 0xa1, 0xf7, 0x20, 0x6a, 0x01, 0xe2, 0x1c, 0x4a,
    0x92, 0x10, 0x01, 0x6a, 0x20, 0x6c, 0x17, 0xf3, 0x40, 0x44, 0x50, 0xf2,
    0xa0, 0x9a, 0x49, 0xe0, 0x00, 0x4c, 0x00, 0xf6, 0xc0, 0x9c, 0x91, 0xe0,
    0xac, 0xea, 0x01, 0x6a, 0x3c, 0x6d, 0xff, 0xf7, 0xff, 0x4d, 0x01, 0x5a,
    0xd8, 0x67, 0xcc, 0xed, 0xc0, 0x36, 0x80, 0xf4, 0xa0, 0xdc, 0xcd, 0xed,
    0xab, 0xa3, 0x20, 0xf0, 0x41, 0x6a, 0x58, 0x34, 0xac, 0xea, 0x4b, 0xea,
    0x20, 0xf0, 0x8d, 0xea, 0x91, 0x67, 0x4b, 0xc3, 0x0d, 0xd7, 0x0c, 0xd3,
    0xd5, 0x08, 0x1f, 0x1a, 0x04, 0x94, 0x0c, 0x93, 0x20, 0xf0, 0x0d, 0x97,
    0x5e, 0x32, 0x4c, 0xa3, 0x04, 0xd2, 0x8d, 0xea, 0x6d, 0xa3, 0x20, 0xf0,
    0x02, 0x6c, 0x04, 0x92, 0x01, 0x2b, 0x7e, 0x33, 0x8d, 0xea, 0x00, 0x6c,
    0x04, 0xd2, 0x08, 0x94, 0x0f, 0xe4, 0x04, 0x92, 0x20, 0xf0, 0x6d, 0xe7,
    0x04, 0x6c, 0x6e, 0xa3, 0x01, 0x2b, 0x7e, 0x33, 0x08, 0x95, 0x00, 0x6c,
    0x04, 0xd2, 0x8d, 0xea, 0x6d, 0xe7, 0x0f, 0xe5, 0x70, 0xa3, 0x20, 0xf0,
    0x7e, 0x33, 0x04, 0x92, 0xff, 0x6b, 0x02, 0x23, 0x6d, 0xea, 0x01, 0x4b,
    0x17, 0xf3, 0x04, 0xd2, 0x80, 0xf6, 0x20, 0x6a, 0x49, 0xe0, 0x04, 0x4a,
    0xc0, 0x9a, 0x7d, 0x67, 0x09, 0x22, 0x59, 0xa3, 0xff, 0xf7, 0x09, 0x95,
    0x4c, 0xee, 0x1f, 0x6a, 0x0d, 0xd7, 0x91, 0x67, 0xc1, 0x18, 0x1f, 0x1a,
    0x04, 0x92, 0x0d, 0x97, 0x08, 0x93, 0x14, 0x22, 0x20, 0x6c, 0x14, 0xf0,
    0x1c, 0x4c, 0xa1, 0xf7, 0x5d, 0xe7, 0x0b, 0xe3, 0x64, 0xa7, 0x20, 0xf0,
    0x01, 0xe4, 0x20, 0x6a, 0x20, 0xf0, 0x6d, 0xea, 0x04, 0x92, 0x44, 0xc7,
    0x00, 0x6a, 0x4d, 0xdf, 0x13, 0x6a, 0x40, 0xd8, 0x0a, 0x93, 0x38, 0x10,
    0x20, 0x6c, 0x14, 0xf0, 0x00, 0x4c, 0x40, 0xf1, 0xb5, 0xe4, 0x75, 0xe0,
    0x01, 0x6c, 0x66, 0xa5, 0x8c, 0xea, 0x6a, 0x32, 0x08, 0x96, 0x13, 0x22,
    0x0b, 0xe6, 0x04, 0x94, 0x10, 0x6a, 0x5d, 0xe7, 0x4d, 0xdf, 0x8d, 0xea,
    0x4b, 0xea, 0x05, 0x6a, 0x46, 0xc5, 0x6c, 0xea, 0x20, 0x6a, 0x14, 0xf0,
    0x1c, 0x4a, 0xa1, 0xf7, 0x02, 0x6a, 0x01, 0xe2, 0x18, 0x10, 0x40, 0xd8,
    0x79, 0xa5, 0xbd, 0x67, 0x15, 0x23, 0x00, 0x6a, 0x0f, 0xe6, 0x08, 0x96,
    0x20, 0xf0, 0x7d, 0xe7, 0x7a, 0x33, 0x64, 0xa7, 0x0d, 0x23, 0x8c, 0xeb,
    0x08, 0x6b, 0x04, 0x94, 0x6d, 0xdf, 0x8d, 0xeb, 0x20, 0x6b, 0x14, 0xf0,
    0x1c, 0x4b, 0xa1, 0xf7, 0x02, 0x6b, 0x01, 0xe3, 0x01, 0x10, 0x60, 0xd8,
    0x11, 0x97, 0x00, 0x6a, 0x0f, 0x90, 0x10, 0x91, 0x00, 0xef, 0x09, 0x63,
    0x98, 0x32, 0x88, 0x35, 0x14, 0xf0, 0xaf, 0xe2, 0xe0, 0xf7, 0x20, 0x6a,
    0x49, 0xe3, 0x10, 0x4a, 0xc4, 0xa2, 0x20, 0xf0, 0xcd, 0xeb, 0x40, 0x6b,
    0x64, 0xc2, 0x20, 0xf0, 0x20, 0x6a, 0x14, 0xf0, 0x1c, 0x4a, 0xe1, 0xf7,
    0x00, 0x6a, 0x55, 0xe5, 0xff, 0x6a, 0x40, 0xdd, 0x44, 0xec, 0x01, 0x4a,
    0x20, 0x6b, 0x17, 0xf3, 0x4c, 0xdb, 0x00, 0xf1, 0x20, 0xe8, 0x00, 0x6a,
    0x0b, 0x62, 0xfa, 0x63, 0x09, 0xd0, 0x0a, 0xd1, 0x8c, 0xe8, 0xff, 0x68,
    0x04, 0x58, 0x00, 0x6a, 0x0d, 0xd5, 0x05, 0xd2, 0xe0, 0xf0, 0x04, 0xd2,
    0x70, 0x67, 0x0f, 0x60, 0x17, 0xf3, 0x80, 0x6a, 0x89, 0xe2, 0x20, 0x6c,
    0x64, 0x33, 0x40, 0x9a, 0x20, 0x69, 0x14, 0xf0, 0x03, 0x6b, 0x46, 0xeb,
    0x62, 0x40, 0x6c, 0xea, 0xa0, 0xf7, 0x05, 0xd2, 0x68, 0x32, 0x08, 0x49,
    0x41, 0xa2, 0x29, 0xe2, 0x5a, 0x32, 0x08, 0x34, 0x14, 0x61, 0x03, 0x72,
    0x97, 0xe2, 0x18, 0x32, 0x20, 0x6a, 0x14, 0xf0, 0x10, 0x4a, 0xe0, 0xf7,
    0x20, 0xf0, 0x49, 0xe5, 0x03, 0x6d, 0x5a, 0xa2, 0x4e, 0x32, 0xff, 0x6f,
    0x03, 0x4a, 0xac, 0xea, 0xec, 0xea, 0xac, 0xea, 0x02, 0x61, 0x02, 0x5a,
    0x05, 0xd2, 0x02, 0x6a, 0x44, 0x35, 0x05, 0x92, 0x20, 0x6a, 0xd7, 0xf7,
    0x0c, 0x4a, 0xed, 0xf6, 0x40, 0xaa, 0x49, 0xe5, 0x04, 0xd2, 0xfd, 0x4a,
    0x20, 0x6a, 0x17, 0xf3, 0x10, 0x4a, 0x20, 0xf2, 0x40, 0x9a, 0x49, 0xe4,
    0x05, 0x95, 0x05, 0xd2, 0x22, 0x6a, 0x00, 0xf0, 0xac, 0xea, 0xff, 0x4a,
    0x05, 0x92, 0x05, 0xd2, 0x3e, 0x6d, 0xff, 0xf7, 0x00, 0x4d, 0x01, 0xf6,
    0x14, 0xf0, 0xb5, 0xe2, 0xe1, 0xf7, 0x20, 0x6a, 0x03, 0x25, 0x1c, 0x4a,
    0x00, 0x6d, 0x91, 0xe2, 0x08, 0x37, 0xa0, 0xdc, 0x80, 0x9d, 0xf5, 0xe2,
    0x2b, 0x60, 0x01, 0x74, 0x02, 0x74, 0x05, 0x24, 0x03, 0x74, 0x50, 0x60,
    0x98, 0x10, 0x75, 0x60, 0x10, 0x30, 0x04, 0x32, 0x14, 0xf0, 0x09, 0xe2,
    0x22, 0xf0, 0x20, 0x68, 0x01, 0xe2, 0x18, 0x48, 0x02, 0x6a, 0x65, 0xa0,
    0x6c, 0xea, 0x4b, 0xea, 0x62, 0xa8, 0x45, 0xc0, 0x4c, 0xeb, 0x01, 0x6a,
    0x0d, 0x93, 0x62, 0xc8, 0x80, 0xf0, 0x63, 0xee, 0x05, 0x94, 0x03, 0x60,
    0x3e, 0x6b, 0xff, 0xf7, 0x00, 0x4b, 0x01, 0xf6, 0x7c, 0x2b, 0x6d, 0xe4,
    0x01, 0x6c, 0x65, 0xa0, 0x8d, 0xeb, 0x80, 0xdd, 0x62, 0xa8, 0x65, 0xc0,
    0x42, 0xc8, 0x6c, 0xea, 0x04, 0x33, 0x73, 0x10, 0x91, 0xe3, 0x10, 0x34,
    0x20, 0x6b, 0x14, 0xf0, 0x18, 0x4b, 0x22, 0xf0, 0xe7, 0xa3, 0x6d, 0xe4,
    0x8b, 0xec, 0x02, 0x6c, 0x87, 0xc3, 0xec, 0xec, 0x01, 0x6c, 0xe3, 0xab,
    0xec, 0xec, 0x0d, 0x91, 0x62, 0xab, 0x83, 0xcb, 0x1f, 0x6f, 0xe1, 0xf7,
    0x14, 0xf0, 0x66, 0x34, 0xe0, 0xf2, 0x20, 0x6b, 0xec, 0xeb, 0x72, 0xab,
    0x78, 0x67, 0x62, 0xec, 0x04, 0x2b, 0x23, 0xee, 0x03, 0x6a, 0x04, 0x60,
    0x50, 0x10, 0x40, 0xdd, 0x08, 0x30, 0x4f, 0x61, 0x02, 0x6b, 0x09, 0xe2,
    0x04, 0x35, 0x25, 0x10, 0x20, 0x6b, 0x14, 0xf0, 0x11, 0xe5, 0x10, 0x30,
    0x18, 0x4b, 0x22, 0xf0, 0x18, 0x65, 0x71, 0xe4, 0x01, 0x69, 0x07, 0xa4,
    0x07, 0x29, 0x0c, 0xe9, 0x2d, 0xe8, 0x01, 0x69, 0x23, 0xac, 0x07, 0xc4,
    0x2c, 0xe8, 0x01, 0x68, 0x38, 0x67, 0x03, 0xcc, 0x0d, 0xe3, 0x21, 0xe5,
    0x04, 0x94, 0x63, 0xab, 0x66, 0x33, 0x0d, 0x91, 0x78, 0x67, 0x83, 0xeb,
    0x03, 0x2b, 0x23, 0xee, 0xe9, 0xe2, 0x03, 0x61, 0x28, 0x60, 0x03, 0x10,
    0x01, 0x6b, 0xe9, 0xe2, 0x24, 0x10, 0x60, 0xda, 0x06, 0xd3, 0x90, 0x67,
    0x1f, 0x1a, 0x07, 0xd7, 0x07, 0x97, 0xb2, 0x18, 0x06, 0x93, 0x18, 0x30,
    0x14, 0xf0, 0xeb, 0xe0, 0xe0, 0xf7, 0x20, 0x6f, 0xfd, 0xe2, 0x10, 0x4f,
    0x5a, 0xa7, 0x20, 0xf0, 0x03, 0x6a, 0x4e, 0x34, 0x01, 0x72, 0x8c, 0xea,
    0x68, 0x33, 0x0f, 0x61, 0x80, 0xa3, 0x6d, 0xe1, 0x8a, 0x34, 0x07, 0x6a,
    0xff, 0x6c, 0x8c, 0xea, 0x1f, 0x1a, 0x4c, 0xec, 0x04, 0x10, 0xb2, 0x18,
    0x90, 0xf0, 0x6c, 0x40, 0x0f, 0x17, 0x00, 0x6a, 0x0a, 0x91, 0x0b, 0x97,
    0x00, 0x6a, 0x09, 0x90, 0x00, 0xef, 0x06, 0x63, 0x00, 0x65, 0x20, 0xe8,
    0x00, 0x65, 0x20, 0xe8, 0x05, 0x62, 0xfd, 0x63, 0x1f, 0x1a, 0x00, 0x6c,
    0x00, 0x6d, 0xf8, 0x01, 0x1f, 0x1a, 0x00, 0x6c, 0x05, 0x97, 0x0f, 0x02,
    0x00, 0xef, 0x03, 0x63, 0x17, 0xf3, 0x40, 0xba, 0x20, 0xf1, 0x20, 0x6a,
    0x60, 0x9a, 0x00, 0x4a, 0x60, 0xba, 0x60, 0xda, 0x00, 0x65, 0x20, 0xe8,
    0xff, 0x6a, 0x6d, 0xb8, 0x4b, 0xea, 0x02, 0x4a, 0xaa, 0xb9, 0x6c, 0xea,
    0x00, 0x65, 0x20, 0xe8, 0x00, 0xf2, 0x6d, 0xb8, 0x4b, 0xea, 0x01, 0x6a,
    0xaa, 0xb9, 0x6c, 0xea, 0x00, 0x65, 0x20, 0xe8, 0x00, 0x65, 0x20, 0xe8,
    0x00, 0x65, 0x20, 0xe8, 0x20, 0x6a, 0x17, 0xf0, 0x00, 0x4a, 0x0c, 0xf0,
    0xff, 0x6b, 0xa0, 0x9a, 0x07, 0x6b, 0x6c, 0xec, 0x06, 0x6f, 0x6b, 0xeb,
    0x84, 0x35, 0xc5, 0x67, 0xec, 0xed, 0x6c, 0xee, 0xa0, 0xda, 0xcd, 0xed,
    0x02, 0x6e, 0xa0, 0x9a, 0x84, 0x34, 0xcd, 0xec, 0x64, 0x67, 0x6c, 0xed,
    0xad, 0xeb, 0xec, 0xeb, 0x00, 0x6a, 0x60, 0xda, 0x00, 0x65, 0x20, 0xe8,
    0x20, 0x6a, 0x14, 0xf0, 0x4d, 0xa2, 0xa0, 0xf3, 0xff, 0x6b, 0x01, 0x6e,
    0x6c, 0xec, 0xcc, 0xea, 0x4c, 0xeb, 0x6c, 0xed, 0x20, 0x6a, 0x14, 0xf0,
    0x04, 0x4a, 0x22, 0xf0, 0x8d, 0xe2, 0x0a, 0x23, 0x40, 0xc3, 0x00, 0x6a,
    0x20, 0x6b, 0x14, 0xf0, 0x1c, 0x4b, 0x02, 0xf0, 0xc0, 0xc2, 0x69, 0xe4,
    0x89, 0xe2, 0x02, 0x10, 0x00, 0x6a, 0xa0, 0xc2, 0x00, 0x65, 0x20, 0xe8,
    0x09, 0x62, 0xfb, 0x63, 0x07, 0xd0, 0x08, 0xd1, 0x20, 0x6b, 0x14, 0xf0,
    0x54, 0x9b, 0x22, 0xf0, 0x01, 0x4a, 0x01, 0x6e, 0x22, 0xf0, 0xcc, 0xea,
    0x04, 0xd2, 0x54, 0xdb, 0x20, 0x6a, 0x14, 0xf0, 0x00, 0x4a, 0x60, 0xf2,
    0xae, 0xaa, 0x40, 0xf1, 0x14, 0xf0, 0x00, 0x6b, 0x01, 0xf2, 0x20, 0x69,
    0x31, 0xe3, 0x10, 0x49, 0x17, 0x22, 0x40, 0xa4, 0x70, 0x37, 0x64, 0x32,
    0x14, 0xf0, 0xfd, 0xe2, 0x22, 0xf0, 0x20, 0x6a, 0x49, 0xe7, 0x18, 0x4a,
    0xe6, 0x37, 0xe8, 0xaa, 0x0b, 0x61, 0xa2, 0xef, 0xe0, 0xc4, 0x00, 0x6f,
    0x02, 0x6c, 0xf1, 0xa2, 0xec, 0xec, 0x8b, 0xec, 0xe8, 0xaa, 0x91, 0xc2,
    0xec, 0xec, 0x01, 0x6c, 0x01, 0x4b, 0x88, 0xca, 0xdf, 0x61, 0x08, 0x73,
    0x00, 0x6b, 0x00, 0x68, 0x14, 0xf0, 0xa2, 0x40, 0xa0, 0xf7, 0x20, 0x6e,
    0xa8, 0x35, 0x08, 0x4e, 0xc0, 0xa5, 0xd5, 0xe5, 0xf0, 0x67, 0xff, 0x6a,
    0xde, 0x35, 0x4c, 0xef, 0x4c, 0xed, 0x73, 0xe7, 0x2c, 0x25, 0x4c, 0xec,
    0x07, 0x6e, 0xca, 0x35, 0xac, 0xea, 0xcc, 0xed, 0x40, 0x61, 0xe3, 0xea,
    0x20, 0x6d, 0x14, 0xf0, 0x0c, 0x4d, 0x22, 0xf0, 0xb5, 0xe2, 0xb9, 0xe0,
    0xc0, 0xa6, 0xa0, 0xa5, 0x20, 0x6f, 0x14, 0xf0, 0x04, 0x4f, 0x22, 0xf0,
    0xcd, 0xed, 0x9d, 0xe7, 0x14, 0xf0, 0xa0, 0xc7, 0x02, 0xf0, 0x20, 0x6d,
    0x95, 0xe5, 0x1c, 0x4d, 0xe0, 0xc5, 0x00, 0x6f, 0xa0, 0xa5, 0x15, 0xe1,
    0x29, 0xe2, 0x03, 0x2d, 0x05, 0x22, 0x40, 0xa2, 0x05, 0xd3, 0x04, 0x95,
    0x69, 0x19, 0x1f, 0x1a, 0x01, 0x4b, 0x05, 0x93, 0x1f, 0x6a, 0xff, 0xf7,
    0x1a, 0x10, 0x4c, 0xeb, 0x20, 0x6f, 0x14, 0xf0, 0x0c, 0x4f, 0x22, 0xf0,
    0x14, 0xf0, 0xfd, 0xe0, 0xe0, 0xa7, 0x20, 0x6a, 0x04, 0x4a, 0x22, 0xf0,
    0xe0, 0xc2, 0x49, 0xe4, 0x20, 0x6a, 0x14, 0xf0, 0x1c, 0x4a, 0x02, 0xf0,
    0xa0, 0xc2, 0x49, 0xe4, 0x40, 0xa2, 0x09, 0xe1, 0x04, 0x95, 0x05, 0x22,
    0x1f, 0x1a, 0x05, 0xd3, 0x05, 0x93, 0x69, 0x19, 0x08, 0x70, 0x01, 0x48,
    0x14, 0xf0, 0xa7, 0x61, 0x60, 0xf2, 0x20, 0x6a, 0xe0, 0xf0, 0x00, 0x4a,
    0x08, 0x6a, 0x88, 0xa2, 0x4c, 0xec, 0x4b, 0xea, 0x4c, 0xec, 0xff, 0x6a,
    0x17, 0x61, 0x30, 0x74, 0x20, 0x6d, 0x17, 0xf0, 0x00, 0x4d, 0x0c, 0xf0,
    0x07, 0x6a, 0x80, 0x9d, 0x20, 0x6b, 0x14, 0xf0, 0x22, 0xf0, 0x4b, 0xea,
    0x4c, 0xec, 0x04, 0x4b, 0x62, 0xa3, 0x43, 0xa3, 0x6d, 0xea, 0x44, 0x32,
    0x44, 0x32, 0x4f, 0xea, 0x6c, 0xea, 0x06, 0x6b, 0x40, 0xdd, 0x8d, 0xea,
    0x38, 0x74, 0x5c, 0x10, 0x14, 0xf0, 0x25, 0x61, 0x60, 0xf2, 0x20, 0x6b,
    0x40, 0xf1, 0x00, 0x4b, 0x17, 0xf0, 0x0d, 0xa3, 0x01, 0x6b, 0x20, 0x6d,
    0x0c, 0xf0, 0x6c, 0xe8, 0x4c, 0xe8, 0x00, 0x4d, 0x14, 0xf0, 0x40, 0x9d,
    0xc1, 0x4c, 0x20, 0x6e, 0x04, 0x4e, 0x22, 0xf0, 0x08, 0x20, 0x8c, 0xea,
    0x20, 0x6b, 0x14, 0xf0, 0x7d, 0xa3, 0x02, 0xf0, 0x64, 0x33, 0x81, 0xa6,
    0x01, 0x10, 0x8d, 0xeb, 0x6f, 0xeb, 0x61, 0xa6, 0x06, 0x6c, 0x64, 0x33,
    0x4d, 0xec, 0x6c, 0xec, 0x35, 0x10, 0x80, 0xdd, 0x6f, 0xe0, 0x08, 0x68,
    0x4c, 0xe8, 0x03, 0x67, 0x08, 0x60, 0x08, 0x58, 0x00, 0x6d, 0x90, 0x67,
    0x69, 0x19, 0x1f, 0x1a, 0xff, 0x6b, 0x01, 0x48, 0xf6, 0x17, 0x6c, 0xe8,
    0x20, 0x6e, 0x14, 0xf0, 0x00, 0x4e, 0x60, 0xf2, 0x6d, 0xa6, 0x40, 0xf1,
    0x14, 0xf0, 0x01, 0x6a, 0x6c, 0xea, 0x20, 0x69, 0x04, 0x49, 0x22, 0xf0,
    0x11, 0x22, 0x00, 0x68, 0x20, 0x6a, 0x14, 0xf0, 0x1c, 0x4a, 0x02, 0xf0,
    0x87, 0xa2, 0x49, 0xe0, 0x5b, 0x19, 0x1f, 0x1a, 0x87, 0xa2, 0x09, 0xe1,
    0x1f, 0x1a, 0xff, 0x48, 0x47, 0x40, 0x5b, 0x19, 0xf0, 0x2a, 0x01, 0x4a,
    0x09, 0xe1, 0x08, 0x10, 0xff, 0x48, 0x87, 0xa2, 0x5b, 0x19, 0x1f, 0x1a,
    0x01, 0x4a, 0x47, 0x40, 0x09, 0x97, 0xf8, 0x2a, 0x07, 0x90, 0x08, 0x91,
    0x05, 0x63, 0x00, 0x6a, 0x00, 0x65, 0x00, 0xef, 0x05, 0x62, 0xfd, 0x63,
    0x00, 0x6c, 0x01, 0x6d, 0xc9, 0x01, 0x1f, 0x1a, 0x02, 0x6c, 0x01, 0x6d,
    0xc9, 0x01, 0x1f, 0x1a, 0x01, 0x6c, 0x01, 0x6d, 0xc9, 0x01, 0x1f, 0x1a,
    0x20, 0x6a, 0x17, 0xf0, 0x00, 0x4a, 0x0c, 0xf0, 0x02, 0x6b, 0x80, 0x9a,
    0x05, 0x97, 0x6b, 0xeb, 0x60, 0xda, 0x8c, 0xeb, 0x03, 0x63, 0x00, 0x6a,
    0x00, 0x65, 0x00, 0xef, 0x14, 0xf0, 0x00, 0x6c, 0x84, 0x33, 0x20, 0x6a,
    0x00, 0x4a, 0x20, 0xf0, 0xa1, 0xa2, 0x49, 0xe3, 0xac, 0xeb, 0x01, 0x6b,
    0x60, 0xaa, 0x03, 0x23, 0x60, 0xca, 0x02, 0x4b, 0x05, 0x74, 0x01, 0x4c,
    0x00, 0x6d, 0xf0, 0x61, 0x8c, 0x32, 0x00, 0x6c, 0xa9, 0xe2, 0x89, 0xe2,
    0x14, 0xf0, 0x44, 0x33, 0x22, 0xf0, 0x20, 0x6a, 0x49, 0xe3, 0x18, 0x4a,
    0x01, 0x6b, 0xc1, 0xa2, 0x03, 0x23, 0xcc, 0xeb, 0x02, 0x4b, 0x60, 0xaa,
    0x01, 0x4c, 0x60, 0xca, 0xed, 0x61, 0x08, 0x74, 0x09, 0x75, 0x01, 0x4d,
    0x00, 0x6a, 0xe9, 0x61, 0x00, 0x65, 0x20, 0xe8, 0x4c, 0xec, 0xff, 0x6a,
    0x8c, 0x33, 0x84, 0x32, 0x14, 0xf0, 0x57, 0xe3, 0xc1, 0xf1, 0x20, 0x6b,
    0x6d, 0xe5, 0x10, 0x4b, 0x20, 0x6d, 0x14, 0xf0, 0x00, 0x4d, 0x61, 0xf2,
    0xa0, 0xaa, 0xa9, 0xe2, 0x14, 0xf0, 0x88, 0x32, 0x81, 0xf5, 0x20, 0x6c,
    0x91, 0xe2, 0x00, 0x4c, 0x58, 0xed, 0x40, 0x9c, 0x44, 0x32, 0x12, 0xea,
    0x42, 0x32, 0x40, 0xf5, 0x00, 0x6a, 0x40, 0xcb, 0x00, 0x65, 0x20, 0xe8,
    0x20, 0x6a, 0x17, 0xf3, 0x70, 0x9a, 0x20, 0xf4, 0x6c, 0xea, 0x70, 0x6a,
    0x14, 0xf0, 0x4e, 0x33, 0x60, 0xf2, 0x20, 0x6a, 0x69, 0xe2, 0x00, 0x4a,
    0x64, 0xaa, 0x20, 0xf1, 0x20, 0x6a, 0x14, 0xf0, 0x72, 0xca, 0xc2, 0xf0,
    0x20, 0xe8, 0x00, 0x6a, 0x14, 0xf0, 0x00, 0x6a, 0xc2, 0xf0, 0x20, 0x6b,
    0x71, 0xe2, 0x14, 0x4b, 0x01, 0x4a, 0x40, 0xc4, 0xf7, 0x61, 0x08, 0x72,
    0x20, 0x6a, 0x14, 0xf0, 0x00, 0x4a, 0x60, 0xf2, 0x8b, 0xa2, 0x40, 0xf1,
    0x6c, 0xec, 0x02, 0x6b, 0x02, 0x2c, 0x07, 0x6b, 0x20, 0xe8, 0x00, 0x6a,
    0x01, 0xd1, 0xff, 0x63, 0x00, 0x6c, 0x00, 0xd0, 0x20, 0x6e, 0x14, 0xf0,
    0x14, 0x4e, 0xc2, 0xf0, 0xe0, 0xa5, 0x95, 0xe6, 0xe5, 0xe2, 0x01, 0xa5,
    0x20, 0xf1, 0x19, 0xe2, 0x20, 0xf1, 0x34, 0xa1, 0xc3, 0xe9, 0xd4, 0xa6,
    0x00, 0xc5, 0x02, 0x60, 0x01, 0x4c, 0xe1, 0xc5, 0xec, 0x61, 0x07, 0x74,
    0xff, 0x6c, 0xff, 0x4b, 0xe7, 0x2b, 0x8c, 0xeb, 0x00, 0x90, 0x01, 0x91,
    0x01, 0x63, 0x00, 0x6a, 0x00, 0x65, 0x20, 0xe8, 0x07, 0x62, 0xfc, 0x63,
    0x05, 0xd0, 0x06, 0xd1, 0x00, 0x69, 0x00, 0x68, 0x1f, 0x1a, 0x90, 0x67,
    0x18, 0x32, 0x28, 0x1a, 0x8f, 0xe2, 0x08, 0x34, 0x20, 0x6a, 0x14, 0xf0,
    0x10, 0x4a, 0xe0, 0xf7, 0x20, 0xf0, 0x49, 0xe3, 0x06, 0x72, 0x48, 0xa2,
    0x05, 0x72, 0x0a, 0x60, 0x10, 0x61, 0x00, 0x6a, 0x20, 0x6b, 0x14, 0xf0,
    0x1c, 0x4b, 0xc1, 0xf7, 0x60, 0x9c, 0x71, 0xe4, 0x04, 0x32, 0x09, 0x23,
    0x4f, 0xe4, 0x0c, 0x34, 0x20, 0x6a, 0x14, 0xf0, 0x10, 0x4a, 0xc1, 0xf1,
    0x40, 0xaa, 0x49, 0xe3, 0x45, 0xe1, 0x01, 0x48, 0xff, 0xf7, 0x08, 0x70,
    0x4c, 0xe9, 0x1f, 0x6a, 0x14, 0xf0, 0xd7, 0x61, 0xc2, 0xf0, 0x20, 0x6a,
    0x14, 0xf0, 0x2c, 0xca, 0x14, 0xf0, 0x20, 0x6b, 0xc2, 0xf0, 0x20, 0x6a,
    0xa0, 0xf3, 0x52, 0xaa, 0x07, 0x97, 0x68, 0xab, 0x6b, 0xe2, 0x05, 0x90,
    0x14, 0xf0, 0x27, 0xe2, 0xc2, 0xf0, 0x20, 0x6a, 0x06, 0x91, 0x2e, 0xca,
    0x04, 0x63, 0x00, 0x6a, 0x00, 0x65, 0x00, 0xef, 0x0b, 0x62, 0xfa, 0x63,
    0x09, 0xd0, 0x0a, 0xd1, 0x5e, 0x1a, 0x1f, 0x1a, 0x14, 0xf0, 0x00, 0x6b,
    0xc2, 0xf0, 0x20, 0x6a, 0x49, 0xe3, 0x14, 0x4a, 0xff, 0x69, 0x07, 0xa2,
    0x08, 0x34, 0x18, 0x32, 0x14, 0xf0, 0x93, 0xe2, 0xe0, 0xf7, 0x20, 0x6a,
    0x51, 0xe4, 0x10, 0x4a, 0x48, 0xa4, 0x20, 0xf0, 0x2c, 0xea, 0xfb, 0x4a,
    0x52, 0x60, 0x02, 0x5a, 0x20, 0x6a, 0x14, 0xf0, 0xae, 0x8a, 0xc2, 0xf0,
    0x4c, 0x60, 0x00, 0x55, 0x20, 0xf0, 0x07, 0x6e, 0x90, 0x67, 0xc8, 0xc4,
    0x04, 0xd3, 0x05, 0xd2, 0x1f, 0x1a, 0x06, 0xd6, 0x04, 0x35, 0x00, 0x04,
    0x05, 0x92, 0x0c, 0x34, 0x20, 0x6f, 0x14, 0xf0, 0xc1, 0xf1, 0xb3, 0xe4,
    0xf5, 0xe4, 0x10, 0x4f, 0xc2, 0xf0, 0xa0, 0xad, 0x02, 0x48, 0x8e, 0xaa,
    0xb5, 0xe4, 0x04, 0x93, 0x14, 0xf0, 0x08, 0x34, 0xa0, 0xf7, 0x20, 0x68,
    0x01, 0xe4, 0x08, 0x48, 0xae, 0xca, 0xc2, 0xf0, 0x06, 0x96, 0xa0, 0xa0,
    0x1c, 0x65, 0xbe, 0x34, 0xaa, 0x34, 0x27, 0x60, 0x2c, 0xec, 0xcc, 0xec,
    0x98, 0x37, 0x88, 0x35, 0x14, 0xf0, 0xbf, 0xe7, 0xe0, 0xf7, 0x20, 0x6d,
    0xbd, 0xe7, 0x10, 0x4d, 0xc8, 0xc7, 0x20, 0xf0, 0x04, 0xd3, 0x05, 0xd2,
    0x1f, 0x1a, 0x06, 0xd6, 0x80, 0xa0, 0x00, 0x04, 0x05, 0x92, 0x06, 0x96,
    0x8c, 0xee, 0x8a, 0x34, 0x24, 0x34, 0xcc, 0xe9, 0x20, 0x6f, 0x14, 0xf0,
    0x87, 0xe1, 0x2c, 0x31, 0x10, 0x4f, 0xc1, 0xf1, 0xc2, 0xf0, 0xe5, 0xe1,
    0xa0, 0xa9, 0x8e, 0xaa, 0xb1, 0xe4, 0x04, 0x93, 0x8e, 0xca, 0xc2, 0xf0,
    0x47, 0x43, 0xff, 0x4b, 0x95, 0x2a, 0x01, 0x4a, 0x0a, 0x91, 0x0b, 0x97,
    0x06, 0x63, 0x09, 0x90, 0x00, 0x65, 0x00, 0xef, 0x01, 0xd1, 0xff, 0x63,
    0xff, 0x68, 0x00, 0xd0, 0x98, 0x32, 0x0c, 0xec, 0x2f, 0xe2, 0x88, 0x31,
    0x20, 0x6a, 0x14, 0xf0, 0x10, 0x4a, 0xe0, 0xf7, 0x20, 0xf0, 0x49, 0xe3,
    0x01, 0x6b, 0xb9, 0xa2, 0x20, 0x6e, 0x14, 0xf0, 0x6c, 0xed, 0xa6, 0x35,
    0xc1, 0xf1, 0x84, 0x37, 0x8c, 0x34, 0x10, 0x4e, 0x14, 0xf0, 0x1e, 0x25,
    0xc1, 0xf7, 0x20, 0x6d, 0xa5, 0xe1, 0x1c, 0x4d, 0x17, 0x25, 0xa0, 0x99,
    0x20, 0x6d, 0x14, 0xf0, 0xab, 0xa5, 0xa0, 0xf3, 0xac, 0xe8, 0x6c, 0xed,
    0x20, 0xf0, 0x0c, 0x20, 0x06, 0x75, 0xa8, 0xa2, 0x51, 0xa2, 0x08, 0x61,
    0x4c, 0xeb, 0x46, 0x32, 0xf3, 0xe4, 0x04, 0x23, 0x40, 0xac, 0x91, 0xe6,
    0xeb, 0xe4, 0x07, 0x10, 0x41, 0xac, 0x51, 0xe6, 0xf3, 0xe4, 0x03, 0x10,
    0x00, 0x6a, 0x91, 0xe6, 0x00, 0x90, 0x01, 0x91, 0x00, 0x6a, 0x42, 0xcc,
    0x20, 0xe8, 0x01, 0x63, 0x4c, 0xec, 0xff, 0x6a, 0x88, 0x33, 0x98, 0x32,
    0x14, 0xf0, 0x6f, 0xe2, 0xe0, 0xf7, 0x20, 0x6a, 0x49, 0xe3, 0x10, 0x4a,
    0x41, 0xa2, 0x20, 0xf0, 0x19, 0x60, 0x02, 0x72, 0x09, 0x60, 0x03, 0x5a,
    0x24, 0x22, 0x00, 0x6b, 0x1e, 0x61, 0x01, 0x72, 0x20, 0x6a, 0x14, 0xf0,
    0x7e, 0xaa, 0x80, 0xf3, 0x04, 0x72, 0x1d, 0x10, 0x20, 0x6b, 0x14, 0xf0,
    0x60, 0xf2, 0xb8, 0x67, 0x0f, 0x25, 0x00, 0x4b, 0x0a, 0x61, 0x04, 0x5a,
    0x0e, 0x61, 0x0c, 0x72, 0x7c, 0xab, 0x20, 0xf1, 0x14, 0xf0, 0x0f, 0x10,
    0xa0, 0xf3, 0x20, 0x6a, 0x0a, 0x10, 0x60, 0xaa, 0x62, 0xab, 0x40, 0xf1,
    0x40, 0xf1, 0x07, 0x10, 0x04, 0x10, 0x64, 0xab, 0x20, 0x6a, 0x14, 0xf0,
    0x7c, 0xaa, 0x80, 0xf3, 0x8c, 0x34, 0x84, 0x32, 0x14, 0xf0, 0x4b, 0xe4,
    0xc1, 0xf1, 0x20, 0x6c, 0x91, 0xe2, 0x10, 0x4c, 0x00, 0x6a, 0x61, 0xcc,
    0x00, 0x65, 0x20, 0xe8, 0x07, 0x62, 0xfc, 0x63, 0x05, 0xd0, 0x06, 0xd1,
    0x00, 0x69, 0x00, 0x68, 0x18, 0x34, 0x08, 0x32, 0x14, 0xf0, 0x4f, 0xe4,
    0xe0, 0xf7, 0x20, 0x6a, 0x49, 0xe3, 0x10, 0x4a, 0x48, 0xa2, 0x20, 0xf0,
    0xff, 0x6a, 0x6b, 0x42, 0x02, 0x5a, 0x6c, 0xea, 0x0c, 0x60, 0x00, 0x6a,
    0x1f, 0x1a, 0x90, 0x67, 0x04, 0x32, 0xbe, 0x1a, 0x4f, 0xe4, 0x0c, 0x34,
    0x20, 0x6a, 0x14, 0xf0, 0x10, 0x4a, 0xc1, 0xf1, 0x42, 0xaa, 0x49, 0xe3,
    0x49, 0xe1, 0x01, 0x48, 0xff, 0xf7, 0x08, 0x70, 0x4c, 0xe9, 0x1f, 0x69,
    0x14, 0xf0, 0xdd, 0x61, 0xc2, 0xf0, 0x20, 0x6a, 0x14, 0xf0, 0x72, 0xaa,
    0xa0, 0xf3, 0x20, 0x6a, 0x07, 0x97, 0x46, 0xaa, 0x4b, 0xe3, 0x05, 0x90,
    0x06, 0x91, 0x2b, 0xe2, 0x20, 0x6b, 0x14, 0xf0, 0x50, 0xcb, 0xc2, 0xf0,
    0x04, 0x63, 0x00, 0x6a, 0x00, 0x65, 0x00, 0xef, 0x05, 0xd1, 0xfd, 0x63,
    0xff, 0x6a, 0x04, 0xd0, 0x14, 0xf0, 0x4c, 0xec, 0xa0, 0x32, 0x20, 0x69,
    0xc2, 0xf0, 0x40, 0x32, 0x43, 0x32, 0xb0, 0x89, 0x42, 0xed, 0x43, 0x32,
    0x02, 0xd2, 0x98, 0x32, 0x20, 0x6a, 0x14, 0xf0, 0x88, 0x37, 0xc2, 0x67,
    0x10, 0x4e, 0xe0, 0xf7, 0x02, 0x90, 0x0a, 0x60, 0x69, 0xe6, 0xef, 0xe0,
    0x84, 0xa2, 0x20, 0xf0, 0x8c, 0xeb, 0x7f, 0x6b, 0x64, 0xc2, 0x20, 0xf0,
    0x84, 0x32, 0x29, 0x10, 0x43, 0xe0, 0x8c, 0x30, 0x00, 0xd2, 0x01, 0xd0,
    0x20, 0x6b, 0x14, 0xf0, 0x03, 0x67, 0x01, 0x92, 0x10, 0x48, 0xc1, 0xf1,
    0x61, 0xa8, 0x01, 0xe2, 0x90, 0x34, 0x00, 0x92, 0xc2, 0xf0, 0x77, 0xe5,
    0x95, 0xe2, 0xb0, 0xc9, 0x20, 0x6c, 0x14, 0xf0, 0x18, 0x4c, 0x22, 0xf0,
    0xad, 0xa4, 0x91, 0xe5, 0x62, 0xc8, 0x01, 0x6a, 0x4d, 0xc4, 0xad, 0xea,
    0x02, 0x90, 0xa6, 0xac, 0xac, 0xea, 0x01, 0x6a, 0x46, 0xcc, 0xef, 0xe0,
    0x91, 0xa2, 0x69, 0xe6, 0x6b, 0xeb, 0x03, 0x6b, 0x71, 0xc2, 0x8c, 0xeb,
    0x04, 0x90, 0x05, 0x91, 0x03, 0x63, 0x00, 0x6a, 0x00, 0x65, 0x20, 0xe8,
    0x07, 0x62, 0xfc, 0x63, 0x05, 0xd0, 0x06, 0xd1, 0x14, 0xf0, 0x00, 0x69,
    0xc2, 0xf0, 0x20, 0x6a, 0x49, 0xe1, 0x14, 0x4a, 0x14, 0xf0, 0x00, 0xa2,
    0xe0, 0xf7, 0x20, 0x6a, 0x08, 0x36, 0x10, 0x4a, 0xd3, 0xe3, 0x18, 0x33,
    0x20, 0xf0, 0x51, 0xe4, 0x01, 0x6d, 0xf9, 0xa4, 0xac, 0xef, 0xe6, 0x37,
    0x2d, 0x27, 0xa2, 0x67, 0x44, 0xa4, 0x20, 0xf0, 0x29, 0x22, 0x5e, 0x32,
    0x48, 0xa4, 0x20, 0xf0, 0x25, 0x61, 0x05, 0x72, 0x20, 0x6c, 0x14, 0xf0,
    0x1c, 0x4c, 0xc1, 0xf7, 0x40, 0x9c, 0x91, 0xe6, 0x90, 0x67, 0x1e, 0x2a,
    0xde, 0x1a, 0x1f, 0x1a, 0x20, 0x6a, 0x14, 0xf0, 0x00, 0x4a, 0x60, 0xf2,
    0x8b, 0xa2, 0x40, 0xf1, 0x6c, 0xec, 0x04, 0x6b, 0x8c, 0xeb, 0xff, 0x6b,
    0x40, 0xf1, 0x03, 0x23, 0x09, 0x10, 0xa6, 0x8a, 0x04, 0x33, 0x0c, 0x32,
    0x14, 0xf0, 0x6f, 0xe2, 0xc1, 0xf1, 0x20, 0x6a, 0x49, 0xe3, 0x10, 0x4a,
    0x90, 0x67, 0xa1, 0x8a, 0x1e, 0x1b, 0x1f, 0x1a, 0xcf, 0xe3, 0x1b, 0x10,
    0x20, 0xf0, 0x69, 0xe5, 0x06, 0x73, 0x68, 0xa2, 0x04, 0x33, 0x15, 0x61,
    0x01, 0xe3, 0x10, 0x30, 0x20, 0x6b, 0x14, 0xf0, 0x18, 0x4b, 0x22, 0xf0,
    0x66, 0xa8, 0x61, 0xe0, 0x14, 0x5b, 0xe0, 0xf1, 0x91, 0xa2, 0x09, 0x61,
    0x8d, 0xeb, 0x02, 0x6b, 0x6d, 0xa0, 0x71, 0xc2, 0x4b, 0xea, 0x02, 0x6a,
    0x4d, 0xc0, 0x6c, 0xea, 0x08, 0x71, 0x01, 0x49, 0x07, 0x97, 0xa0, 0x61,
    0x05, 0x90, 0x06, 0x91, 0x04, 0x63, 0x00, 0x6a, 0x00, 0x65, 0x00, 0xef,
    0x05, 0x62, 0xfd, 0x63, 0x82, 0x1a, 0x1f, 0x1a, 0xff, 0x1a, 0x1f, 0x1a,
    0x46, 0x1b, 0x1f, 0x1a, 0x00, 0x6a, 0x05, 0x97, 0x00, 0xef, 0x03, 0x63,
    0x31, 0x37, 0xc0, 0xbf, 0xc3, 0x37, 0xc0, 0xbf, 0x13, 0x38, 0xc0, 0xbf,
    0x43, 0x38, 0xc0, 0xbf, 0x7d, 0x38, 0xc0, 0xbf, 0xd3, 0x40, 0xc0, 0xbf,
    0x0b, 0x39, 0xc0, 0xbf, 0x6f, 0x39, 0xc0, 0xbf, 0xa9, 0x39, 0xc0, 0xbf,
    0x73, 0x41, 0xc0, 0xbf, 0xbd, 0x39, 0xc0, 0xbf, 0xdf, 0x39, 0xc0, 0xbf,
    0x29, 0x3a, 0xc0, 0xbf, 0x4d, 0x3a, 0xc0, 0xbf, 0x93, 0x3a, 0xc0, 0xbf,
    0xb7, 0x3a, 0xc0, 0xbf, 0x15, 0x3b, 0xc0, 0xbf, 0x39, 0x3b, 0xc0, 0xbf,
    0xf9, 0x3b, 0xc0, 0xbf, 0x1f, 0x3c, 0xc0, 0xbf, 0xa7, 0x3c, 0xc0, 0xbf,
    0x77, 0x3d, 0xc0, 0xbf, 0x8d, 0x3e, 0xc0, 0xbf, 0xdb, 0x3e, 0xc0, 0xbf,
    0x39, 0x3f, 0xc0, 0xbf, 0x6f, 0x3f, 0xc0, 0xbf, 0x47, 0x40, 0xc0, 0xbf,
    0x7f, 0x40, 0xc0, 0xbf, 0xe9, 0x40, 0xc0, 0xbf, 0xdd, 0x44, 0xc0, 0xbf,
    0x6b, 0x44, 0xc0, 0xbf, 0xa5, 0x44, 0xc0, 0xbf, 0x7f, 0x4d, 0xc0, 0xbf,
    0x7f, 0x4d, 0xc0, 0xbf, 0xad, 0x45, 0xc0, 0xbf, 0x0b, 0x46, 0xc0, 0xbf,
    0x63, 0x46, 0xc0, 0xbf, 0x7f, 0x4d, 0xc0, 0xbf, 0xcd, 0x46, 0xc0, 0xbf,
    0x1b, 0x47, 0xc0, 0xbf, 0x55, 0x47, 0xc0, 0xbf, 0xb3, 0x47, 0xc0, 0xbf,
    0x7f, 0x4d, 0xc0, 0xbf, 0x7f, 0x4d, 0xc0, 0xbf, 0x7f, 0x4d, 0xc0, 0xbf,
    0x7f, 0x4d, 0xc0, 0xbf, 0x7f, 0x4d, 0xc0, 0xbf, 0x7f, 0x4d, 0xc0, 0xbf,
    0x7f, 0x4d, 0xc0, 0xbf, 0x7f, 0x4d, 0xc0, 0xbf, 0x7f, 0x4d, 0xc0, 0xbf,
    0x7f, 0x4d, 0xc0, 0xbf, 0x7f, 0x4d, 0xc0, 0xbf, 0x7f, 0x4d, 0xc0, 0xbf,
    0x21, 0x48, 0xc0, 0xbf, 0xe5, 0x49, 0xc0, 0xbf, 0x71, 0x4a, 0xc0, 0xbf,
    0x07, 0x00, 0x05, 0x00, 0x1e, 0x00, 0x0a, 0x00, 0x00, 0x00, 0x00, 0x00,
    0x00, 0x00, 0x00, 0x00, 0x00, 0x00, 0x00, 0x00, 0x00, 0x00, 0x00, 0x00,
    0x00, 0x00, 0x00, 0x00, 0x00, 0x00, 0x00, 0x00, 0x00, 0x00, 0x00, 0x00,
    0x00, 0x00, 0x00, 0x00, 0x00, 0x00, 0x00, 0x00, 0x00, 0x00, 0x00, 0x00,
    0x00, 0x00, 0x00, 0x00, 0x00, 0x00, 0x00, 0x00, 0x00, 0x00, 0x00, 0x00,
    0x00, 0x00, 0x00, 0x00, 0x00, 0x00, 0x00, 0x00, 0x00, 0x00, 0x00, 0x00,
    0x00, 0x00, 0x00, 0x00, 0x00, 0x00, 0x00, 0x00, 0x00, 0x00, 0x00, 0x00,
    0x00, 0x00, 0x00, 0x00, 0x00, 0x00, 0x00, 0x00, 0x00, 0x00, 0x00, 0x00,
    0x00, 0x00, 0x00, 0x00, 0x00, 0x00, 0x00, 0x00, 0x00, 0x00, 0x00, 0x00,
    0x00, 0x00, 0x00, 0x00, 0x00, 0x00, 0x00, 0x00, 0x00, 0x00, 0x00, 0x00,
    0x00, 0x00, 0x00, 0x00, 0x00, 0x00, 0x00, 0x00, 0x00, 0x00, 0x00, 0x00,
    0x00, 0x00, 0x00, 0x00, 0x00, 0x00, 0x00, 0x00, 0x00, 0x00, 0x00, 0x00,
    0x00, 0x00, 0x00, 0x00, 0x00, 0x00, 0x00, 0x00, 0x00, 0x00, 0x00, 0x00,
    0x00, 0x00, 0x00, 0x00, 0x00, 0x00, 0x00, 0xde, 0x43, 0x07, 0x00, 0x50,
    0x0a, 0x00, 0xf0, 0x05, 0x00, 0x00, 0x64, 0x00, 0x45, 0x65, 0xc0, 0xbf,
    0x55, 0x65, 0xc0, 0xbf, 0x00, 0x00, 0x00, 0x00, 0x11, 0x65, 0xc0, 0xbf,
    0x00, 0x00, 0x00, 0x00, 0x31, 0x65, 0xc0, 0xbf, 0x19, 0x65, 0xc0, 0xbf,
    0x00, 0x00, 0x00, 0x00, 0x01, 0x20, 0xc0, 0xbf, 0xd0, 0x07, 0x78, 0xbe,
    0x32, 0x20, 0x00, 0x00, 0x55, 0x55, 0x55, 0x55, 0x15, 0x15, 0x15, 0x59,
    0x5d, 0x59, 0x59, 0x19, 0x55, 0x55, 0x55, 0x5d, 0x55, 0x55, 0x5d, 0x59,
    0x55, 0x55, 0x55, 0x55, 0x00, 0x00, 0x00, 0x00, 0xd0, 0x07, 0x78, 0xbe,
    0x32, 0x20, 0x00, 0x00, 0x55, 0x55, 0x55, 0x55, 0x15, 0x15, 0x15, 0x59,
    0x5d, 0x59, 0x59, 0x19, 0x55, 0x55, 0x55, 0x5d, 0x55, 0x55, 0x5d, 0x59,
    0x55, 0x55, 0x55, 0x55, 0x00, 0x00, 0x00, 0x00, 0xd0, 0x07, 0x78, 0xbe,
    0x32, 0x20, 0x00, 0x00, 0x55, 0x55, 0x55, 0x55, 0x15, 0x15, 0x15, 0x59,
    0x5d, 0x59, 0x59, 0x19, 0x55, 0x55, 0x55, 0x5d, 0x55, 0x55, 0x5d, 0x59,
    0x55, 0x55, 0x55, 0x55, 0x00, 0x00, 0x00, 0x00, 0xd0, 0x07, 0x78, 0xbe,
    0x32, 0x20, 0x00, 0x00, 0x55, 0x55, 0x55, 0x55, 0x15, 0x15, 0x15, 0x59,
    0x5d, 0x59, 0x59, 0x19, 0x55, 0x55, 0x55, 0x5d, 0x55, 0x55, 0x5d, 0x59,
    0x55, 0x55, 0x55, 0x55, 0x00, 0x00, 0x00, 0x00, 0xd0, 0x07, 0x78, 0xbe,
    0x32, 0x20, 0x00, 0x00, 0x55, 0x55, 0x55, 0x55, 0x15, 0x15, 0x15, 0x59,
    0x5d, 0x59, 0x59, 0x19, 0x55, 0x55, 0x55, 0x5d, 0x55, 0x55, 0x5d, 0x59,
    0x55, 0x55, 0x55, 0x55, 0x00, 0x00, 0x00, 0x00, 0xd0, 0x07, 0x78, 0xbe,
    0x32, 0x20, 0x00, 0x00, 0x55, 0x55, 0x55, 0x55, 0x15, 0x15, 0x15, 0x59,
    0x5d, 0x59, 0x59, 0x19, 0x55, 0x55, 0x55, 0x5d, 0x55, 0x55, 0x5d, 0x59,
    0x55, 0x55, 0x55, 0x55, 0x00, 0x00, 0x00, 0x00, 0xd0, 0x07, 0x78, 0xbe,
    0x32, 0x20, 0x00, 0x00, 0x55, 0x55, 0x55, 0x55, 0x15, 0x15, 0x15, 0x59,
    0x5d, 0x59, 0x59, 0x19, 0x55, 0x55, 0x55, 0x5d, 0x55, 0x55, 0x5d, 0x59,
    0x55, 0x55, 0x55, 0x55, 0x00, 0x00, 0x00, 0x00, 0xd0, 0x07, 0x78, 0xbe,
    0x32, 0x20, 0x00, 0x00, 0x55, 0x55, 0x55, 0x55, 0x15, 0x15, 0x15, 0x59,
    0x5d, 0x59, 0x59, 0x19, 0x55, 0x55, 0x55, 0x5d, 0x55, 0x55, 0x5d, 0x59,
    0x55, 0x55, 0x55, 0x55, 0x00, 0x00, 0x00, 0x00, 0x00, 0x02, 0xa4, 0x50,
    0xab, 0x3a, 0x55, 0x2d, 0x00, 0x30, 0xab, 0x2a, 0x78, 0x00, 0x00, 0x37,
    0x02, 0x12, 0x30, 0x11, 0x00, 0x78, 0x00, 0x40, 0x3c, 0x00, 0x41, 0x00,
    0x00, 0x00, 0x03, 0x00, 0x00, 0x2c, 0x00, 0x18, 0x00, 0x16, 0x00, 0x0c,
    0x3c, 0x00, 0xff, 0x1f, 0x00, 0x06, 0x00, 0x00, 0x05, 0xc8, 0x0d, 0x06,
    0x00, 0x06, 0x08, 0x00, 0x05, 0xc8, 0x0d, 0x06, 0x00, 0x06, 0x00, 0x00,
    0x05, 0xc8, 0x0d, 0x06, 0x00, 0x06, 0x08, 0x00, 0x05, 0xc8, 0x0d, 0x06,
    0x09, 0x0f, 0x0f, 0x01, 0x74, 0x01, 0x1f, 0x09, 0x40, 0x01, 0x98, 0x03,
    0x27, 0x00, 0x13, 0x00, 0x08, 0x03, 0x00, 0x16, 0x25, 0x12, 0x04, 0x13,
    0x00, 0x2a, 0x00, 0x20, 0x7d, 0x00, 0xf4, 0x01, 0x4d, 0x08, 0x7d, 0x00,
    0xa6, 0x0e, 0x4d, 0x08, 0xf3, 0x16, 0xa6, 0x0e, 0x7d, 0x00, 0xf3, 0x16,
    0xb8, 0x88, 0xe8, 0x03, 0x40, 0x00, 0x00, 0xc8, 0x33, 0x13, 0x03, 0x00,
    0x00, 0x04, 0x00, 0x00, 0x0a, 0xdc, 0x05, 0x3c, 0x08, 0x00, 0xb4, 0x00,
    0x91, 0x0d, 0x21, 0x30, 0x21, 0x30, 0xae, 0x17, 0xfc, 0x09, 0x0c, 0x52,
    0xd7, 0x23, 0x27, 0x11, 0x3d, 0x4a, 0xcc, 0x4c, 0xcd, 0x6c, 0x29, 0x5c,
    0x85, 0x0b, 0x00, 0x80, 0xe3, 0x25, 0xd7, 0x13, 0x71, 0x7d, 0x0c, 0x52,
    0x21, 0x30, 0x21, 0x30, 0x21, 0x30, 0x21, 0x30, 0x21, 0x30, 0x21, 0x30,
    0x0a, 0x00, 0x06, 0x00, 0x29, 0x00, 0x13, 0x00, 0x4f, 0x00, 0x3b, 0x00,
    0x7a, 0x00, 0x66, 0x00, 0xdb, 0x01, 0xd5, 0x00, 0x39, 0x04, 0xf2, 0x02,
    0x87, 0x06, 0x24, 0x06, 0x09, 0x0c, 0x16, 0x14, 0x00, 0x00, 0x00, 0x10,
    0x00, 0x00, 0x00, 0x00, 0xe8, 0x03, 0x00, 0x00, 0x00, 0x00, 0x00, 0x00,
    0xbb, 0xbb, 0xff, 0xff, 0xbb, 0xbb, 0xff, 0xff, 0x00, 0x00, 0x00, 0x00,
    0x00, 0x00, 0x00, 0x00, 0x00, 0x00, 0xff, 0x00, 0x00, 0x00, 0xff, 0x00,
    0x00, 0x00, 0x00, 0x00, 0x00, 0x00, 0x00, 0x00, 0xff, 0x0f, 0x00, 0x80,
    0xff, 0x0f, 0x00, 0x80, 0x00, 0x00, 0x00, 0x00, 0x00, 0x00, 0x00, 0x00,
    0xc0, 0x12, 0xc0, 0x12, 0xc0, 0x12, 0xc0, 0x12, 0xc0, 0x12, 0xc0, 0x12,
    0xc0, 0x12, 0xc0, 0x12, 0x04, 0x05, 0x06, 0x07, 0x00, 0x01, 0x02, 0x03,
    0x40, 0x00, 0xf6, 0x00, 0xf6, 0x00, 0x70, 0x00, 0x60, 0x00, 0xe0, 0x01,
    0x03, 0x00, 0x10, 0x00, 0xe8, 0x03, 0x00, 0x00, 0x3c, 0x00, 0x00, 0x00,
    0x78, 0x00, 0x00, 0x00, 0xb4, 0x00, 0x00, 0x00, 0xf0, 0x00, 0x00, 0x00,
    0x3c, 0x00, 0x00, 0x00, 0x78, 0x00, 0x00, 0x00, 0xb4, 0x00, 0x00, 0x00,
    0xf0, 0x00, 0x00, 0x00, 0x68, 0x01, 0x00, 0x00, 0xa4, 0x01, 0x00, 0x00,
    0xe0, 0x01, 0x00, 0x00, 0x1c, 0x02, 0x00, 0x00, 0x10, 0x00, 0x00, 0x00,
    0x01, 0x00, 0x00, 0x00, 0x00, 0x00, 0x00, 0x00, 0x00, 0x00, 0x00, 0x00,
    0x00, 0x00, 0x00, 0x00, 0x00, 0x00, 0x00, 0x00, 0x00, 0x00, 0x00, 0x00,
    0x00, 0x00, 0x00, 0x00, 0x00, 0x00, 0x00, 0x00, 0x00, 0x00, 0x08, 0x08,
    0x00, 0x09, 0x08, 0x00, 0xf0, 0xb4, 0x78, 0x3c, 0x73, 0x00, 0x21, 0x00,
    0xc5, 0x00, 0x93, 0x00, 0x7d, 0x82, 0xb1, 0x9d,
};
static const unsigned int rtl8238b_fw_big_len = sizeof(rtl8238b_fw_big);

/* 小固件: 8028 字节, 设备 ID == 2 时使用 */
static const unsigned char rtl8238b_fw_small[] = {
    0x00, 0x00, 0x39, 0x82, 0x0b, 0x00, 0xe8, 0x1c, 0x30, 0x02, 0x00, 0x00,
    0x30, 0x00, 0x00, 0x00, 0x09, 0x62, 0xfb, 0x63, 0x07, 0xd0, 0x08, 0xd1,
    0x7d, 0x67, 0x00, 0x6a, 0x17, 0xf3, 0x50, 0xc3, 0xb5, 0xf2, 0x20, 0x68,
    0xf0, 0xf0, 0x2a, 0x6a, 0x4a, 0xf5, 0x60, 0x40, 0x40, 0xdb, 0x15, 0x4a,
    0x77, 0x25, 0x1f, 0x1a, 0x00, 0x48, 0x20, 0xf1, 0x40, 0xd8, 0x02, 0x6a,
    0x20, 0x6a, 0x17, 0xf0, 0x0a, 0xf0, 0xa2, 0x67, 0x80, 0x9d, 0x04, 0x4d,
    0x6b, 0xeb, 0xf1, 0x6b, 0x10, 0x6b, 0x6c, 0xec, 0x60, 0xdd, 0x8d, 0xeb,
    0x00, 0x4a, 0x0a, 0xf0, 0x14, 0xf0, 0x80, 0x9a, 0x80, 0xf0, 0x20, 0x68,
    0x01, 0x6b, 0x00, 0x48, 0xdc, 0x98, 0xa0, 0xf0, 0x60, 0xda, 0x8d, 0xeb,
    0x17, 0xf3, 0x40, 0xee, 0x20, 0xf1, 0x20, 0x69, 0xc0, 0x9d, 0xa0, 0x41,
    0xff, 0x6c, 0x01, 0x6b, 0x4c, 0xeb, 0xc6, 0x32, 0x5d, 0x67, 0x8c, 0xeb,
    0x14, 0xf0, 0x70, 0xc2, 0x41, 0xf2, 0x20, 0x6b, 0x01, 0x6a, 0x10, 0x4b,
    0xc8, 0x9b, 0xcc, 0xea, 0xcd, 0xea, 0x4c, 0x32, 0x7d, 0x67, 0x48, 0xdb,
    0x4c, 0xec, 0x50, 0xa3, 0x02, 0x6a, 0xe6, 0x24, 0x18, 0x49, 0x60, 0xf4,
    0x1f, 0x1a, 0x40, 0xdd, 0x40, 0x99, 0xff, 0x1d, 0x03, 0x2a, 0x00, 0x69,
    0xb3, 0x28, 0x1f, 0x1a, 0xc6, 0x98, 0x08, 0x10, 0x01, 0x49, 0x91, 0x67,
    0x08, 0x71, 0x40, 0xee, 0x67, 0x98, 0xfa, 0x61, 0x1f, 0x1a, 0x40, 0xeb,
    0x76, 0x6b, 0x1b, 0x01, 0x20, 0x6a, 0x17, 0xf0, 0x6c, 0xda, 0x0a, 0xf0,
    0x00, 0x65, 0xca, 0x17, 0x20, 0x6a, 0x17, 0xf3, 0x80, 0x42, 0x20, 0xf4,
    0x0d, 0x6b, 0xa0, 0x9c, 0xac, 0xeb, 0x6b, 0xeb, 0x14, 0xf0, 0x60, 0xdc,
    0x60, 0xf0, 0x20, 0x6b, 0x80, 0xf0, 0x88, 0x9b, 0x00, 0xf5, 0x6c, 0x42,
    0x80, 0xdb, 0x08, 0x4a, 0x20, 0x6b, 0x05, 0xf0, 0x60, 0xda, 0xff, 0x4b,
    0x17, 0xf3, 0x00, 0x6a, 0x48, 0x33, 0x20, 0x6c, 0xa0, 0x44, 0x20, 0xf7,
    0x3f, 0x6e, 0xe0, 0xf0, 0x80, 0xf2, 0xb5, 0xe3, 0x0f, 0xf4, 0x00, 0x4c,
    0xc0, 0xdd, 0x0f, 0x4e, 0x80, 0x9b, 0x8d, 0xe3, 0x20, 0x6b, 0x14, 0xf0,
    0x00, 0x4b, 0xe0, 0xf5, 0x6d, 0xe2, 0x82, 0x34, 0x1f, 0x6d, 0x8e, 0x34,
    0xac, 0xec, 0x01, 0x4a, 0x80, 0xc3, 0x08, 0x72, 0x00, 0x6a, 0xe4, 0x61,
    0x00, 0x65, 0x20, 0xe8, 0x07, 0x62, 0xfc, 0x63, 0x04, 0xd2, 0x00, 0x6a,
    0x20, 0x6a, 0x14, 0xf0, 0x00, 0x4a, 0x80, 0xf0, 0x14, 0xf0, 0x85, 0x9a,
    0x04, 0x05, 0x20, 0x6b, 0x80, 0xdb, 0x41, 0xf7, 0xd7, 0xf7, 0x84, 0x9a,
    0xd5, 0xf3, 0x21, 0x6b, 0x65, 0xda, 0x09, 0x4b, 0x20, 0x6b, 0x14, 0xf0,
    0x84, 0xdb, 0x41, 0xf7, 0xd7, 0xf7, 0x96, 0x9a, 0x95, 0xf4, 0x21, 0x6b,
    0x64, 0xda, 0x11, 0x4b, 0x20, 0x6b, 0x14, 0xf0, 0x9c, 0xdb, 0x21, 0xf7,
    0x21, 0x6b, 0xd7, 0xf7, 0x01, 0x4b, 0x15, 0xf3, 0x76, 0xda, 0x1e, 0x6c,
    0x5a, 0x02, 0x1f, 0x1a, 0x14, 0xf0, 0x04, 0x93, 0xc1, 0xf4, 0x20, 0x6c,
    0xa9, 0xa4, 0x10, 0x4c, 0x00, 0xf7, 0x01, 0x6a, 0x4c, 0xeb, 0x62, 0x33,
    0x4b, 0xea, 0x80, 0x6a, 0x6d, 0xea, 0xac, 0xea, 0x07, 0x97, 0x49, 0xc4,
    0x04, 0x63, 0x00, 0x6a, 0x00, 0x65, 0x00, 0xef, 0x20, 0x6a, 0x14, 0xf0,
    0x10, 0x4a, 0xc1, 0xf4, 0x74, 0x9a, 0xe0, 0xf0, 0x20, 0x6c, 0x17, 0xf3,
    0xe0, 0xf0, 0x7d, 0xdc, 0x17, 0xf3, 0xd8, 0x9a, 0xa3, 0x67, 0x21, 0x6b,
    0x14, 0x4d, 0x70, 0xf0, 0xe0, 0xf0, 0xc0, 0xdd, 0xbc, 0xdc, 0xbc, 0x9a,
    0xc0, 0x9a, 0x00, 0xf1, 0x70, 0xf0, 0xa3, 0x67, 0xc0, 0xdd, 0x10, 0x4d,
    0xa4, 0x9a, 0x00, 0xf1, 0x00, 0xf1, 0xbb, 0xdc, 0xa3, 0x67, 0xc8, 0x9a,
    0x0c, 0x4d, 0x70, 0xf0, 0x00, 0xf1, 0xc0, 0xdd, 0xbe, 0xdc, 0xac, 0x9a,
    0xd0, 0x9a, 0x00, 0xf1, 0x70, 0xf0, 0xa3, 0x67, 0xc0, 0xdd, 0x18, 0x4d,
    0xb4, 0x9a, 0x00, 0xf1, 0x14, 0x4b, 0x10, 0xf0, 0x00, 0xf1, 0xa5, 0xdc,
    0x40, 0xdb, 0x58, 0x9a, 0x00, 0x65, 0x20, 0xe8, 0x09, 0x62, 0xfb, 0x63,
    0x07, 0xd0, 0x08, 0xd1, 0x04, 0x67, 0xff, 0x6b, 0x04, 0x58, 0x6c, 0xe8,
    0x14, 0xf0, 0x0e, 0x60, 0xa0, 0xf1, 0x20, 0x6a, 0x6c, 0xec, 0x80, 0xa2,
    0x08, 0x6c, 0x0a, 0xec, 0xa0, 0xf1, 0x03, 0x60, 0x6c, 0xec, 0x80, 0xa2,
    0x80, 0xc2, 0xa0, 0xf1, 0x14, 0xf0, 0x0d, 0x10, 0xa0, 0xf1, 0x20, 0x6a,
    0x6c, 0xec, 0x81, 0xa2, 0x08, 0x6c, 0x0a, 0xec, 0xa0, 0xf1, 0x03, 0x60,
    0x6c, 0xec, 0x81, 0xa2, 0x81, 0xc2, 0xa0, 0xf1, 0x58, 0xe8, 0x58, 0x6a,
    0x20, 0x6a, 0x14, 0xf0, 0x10, 0x4a, 0x80, 0xf7, 0x08, 0x31, 0x00, 0x6b,
    0x12, 0xed, 0x01, 0x6e, 0x49, 0x4c, 0x87, 0x45, 0x61, 0xdc, 0x51, 0xe4,
    0x20, 0x6c, 0x14, 0xf0, 0x00, 0x4c, 0x80, 0xf1, 0xc0, 0xdc, 0x91, 0xe1,
    0x20, 0x6c, 0x14, 0xf0, 0x08, 0x4c, 0x20, 0xf6, 0x60, 0xdc, 0x91, 0xe1,
    0x20, 0x6c, 0x14, 0xf0, 0x08, 0x4c, 0x00, 0xf6, 0x60, 0xdc, 0x91, 0xe1,
    0x20, 0x6c, 0x14, 0xf0, 0x40, 0xf6, 0xa9, 0xe2, 0x20, 0xf0, 0x08, 0x4c,
    0x91, 0xe1, 0xbd, 0xa2, 0x51, 0x6c, 0x60, 0xdc, 0x8c, 0xed, 0x8b, 0xec,
    0xac, 0xec, 0x7f, 0x6c, 0xb3, 0xa2, 0x40, 0xf0, 0x9d, 0xc2, 0x20, 0xf0,
    0x8b, 0xec, 0x09, 0x6c, 0x40, 0xf0, 0xac, 0xec, 0x40, 0xf0, 0x93, 0xc2,
    0x14, 0xf0, 0x72, 0xc2, 0xc0, 0xf6, 0x20, 0x6a, 0x49, 0xe0, 0x0c, 0x4a,
    0x14, 0xf0, 0x60, 0xc2, 0x80, 0xf0, 0x20, 0x6b, 0xd1, 0x9b, 0x00, 0x4b,
    0x04, 0xd3, 0x90, 0x67, 0x40, 0xee, 0x00, 0x6d, 0x20, 0x6e, 0x17, 0xf3,
    0x40, 0x46, 0x00, 0xf6, 0xa0, 0x9a, 0x49, 0xe1, 0x3c, 0x6c, 0xff, 0xf7,
    0xac, 0xec, 0xff, 0x4c, 0xa0, 0x9a, 0x80, 0xda, 0xff, 0xf7, 0x04, 0x93,
    0xff, 0x4c, 0x3e, 0x6c, 0xa0, 0xf0, 0xac, 0xec, 0x80, 0xda, 0xa0, 0x9b,
    0x90, 0x67, 0x05, 0xd6, 0x04, 0x93, 0x40, 0xed, 0x80, 0xf0, 0x90, 0x67,
    0x40, 0xea, 0x58, 0x9b, 0x04, 0x93, 0x10, 0x32, 0x14, 0xf0, 0x51, 0xe1,
    0x21, 0xf4, 0x20, 0x6a, 0x49, 0xe4, 0x10, 0x4a, 0xae, 0xa2, 0x7c, 0x4b,
    0x90, 0x67, 0x6f, 0x9b, 0x05, 0x96, 0x40, 0xeb, 0x20, 0x6b, 0x14, 0xf0,
    0x00, 0x4b, 0xe0, 0xf5, 0x40, 0xa0, 0x61, 0xe0, 0x00, 0x4e, 0x80, 0xf2,
    0x80, 0x99, 0xc5, 0xe1, 0x4c, 0x32, 0x40, 0x32, 0x40, 0xd9, 0x8d, 0xea,
    0x08, 0x91, 0x09, 0x97, 0x00, 0x6a, 0x07, 0x90, 0x00, 0xef, 0x05, 0x63,
    0x09, 0x62, 0xfb, 0x63, 0x07, 0xd0, 0x08, 0xd1, 0x04, 0x67, 0xff, 0x6e,
    0x58, 0x6a, 0xcc, 0xe8, 0x14, 0xf0, 0x58, 0xe8, 0x23, 0x67, 0x20, 0x6b,
    0x10, 0x49, 0x80, 0xf7, 0x6b, 0xeb, 0x02, 0x6b, 0x29, 0xe2, 0x12, 0xea,
    0x96, 0xa2, 0x40, 0xf0, 0x40, 0xf0, 0x8c, 0xeb, 0x07, 0x6b, 0x76, 0xc2,
    0x7c, 0xc2, 0x20, 0xf0, 0x04, 0xd6, 0x90, 0x67, 0x88, 0x24, 0x1f, 0x1a,
    0x10, 0x37, 0x08, 0x35, 0x20, 0x6a, 0x14, 0xf0, 0x18, 0x4a, 0xc0, 0xf6,
    0x51, 0xe4, 0xf1, 0xe5, 0x04, 0x96, 0x61, 0xa4, 0x1b, 0x65, 0x01, 0x6a,
    0x6c, 0xea, 0x78, 0x67, 0x14, 0xf0, 0x4c, 0xee, 0x71, 0x67, 0x20, 0x6a,
    0x18, 0x4a, 0xc0, 0xf6, 0x38, 0x67, 0x08, 0x2e, 0x2d, 0xee, 0x01, 0x6e,
    0x20, 0xac, 0xc1, 0xc4, 0x2c, 0xee, 0x01, 0x6e, 0xf5, 0xe5, 0xc0, 0xcc,
    0x14, 0xf0, 0xa9, 0xe2, 0x80, 0xaa, 0x20, 0x6d, 0x10, 0x4d, 0xc1, 0xf4,
    0x86, 0x34, 0xc9, 0xad, 0x1e, 0x61, 0xc2, 0xec, 0x20, 0x6e, 0x14, 0xf0,
    0xa0, 0xf3, 0x04, 0x34, 0xd1, 0xe4, 0x10, 0x4e, 0x60, 0xf0, 0x80, 0xac,
    0xa3, 0xec, 0xba, 0xad, 0x58, 0x6c, 0x13, 0x60, 0x12, 0xec, 0x98, 0xe8,
    0x40, 0xf0, 0x8d, 0xe3, 0x01, 0x6c, 0xb6, 0xa3, 0x40, 0xf0, 0xad, 0xec,
    0x81, 0xa2, 0x96, 0xc3, 0x6b, 0xeb, 0x02, 0x6b, 0x61, 0xc2, 0x8c, 0xeb,
    0x01, 0x6b, 0x80, 0xaa, 0x60, 0xca, 0x8c, 0xeb, 0x08, 0x91, 0x09, 0x97,
    0x00, 0x6a, 0x07, 0x90, 0x00, 0xef, 0x05, 0x63, 0x20, 0x6b, 0x14, 0xf0,
    0x10, 0x4b, 0xc1, 0xf4, 0x4e, 0xab, 0xe0, 0xf0, 0x21, 0x6f, 0x17, 0xf3,
    0x20, 0x6e, 0x17, 0xf3, 0x10, 0x4f, 0x10, 0xf0, 0x19, 0x72, 0x30, 0xf2,
    0xa0, 0x9f, 0x84, 0x9e, 0xe0, 0xf0, 0x07, 0x61, 0x4d, 0xec, 0x3f, 0x6a,
    0x84, 0xde, 0xad, 0xea, 0x24, 0x10, 0x40, 0xdf, 0x50, 0xa3, 0xe0, 0xf0,
    0x11, 0x60, 0x05, 0x72, 0x03, 0x60, 0x06, 0x5a, 0x0d, 0x60, 0x01, 0x72,
    0x08, 0x5a, 0x1b, 0x10, 0xe4, 0x9e, 0x19, 0x60, 0x30, 0x6a, 0xe0, 0xf0,
    0x05, 0x22, 0xec, 0xea, 0x30, 0x6a, 0x1f, 0xf7, 0x4c, 0xec, 0xff, 0x4a,
    0x17, 0xf3, 0x84, 0xde, 0x10, 0xf0, 0x21, 0x6e, 0x80, 0x9e, 0x10, 0x4e,
    0x3f, 0x6a, 0xe0, 0xf0, 0x06, 0x22, 0x8c, 0xea, 0x21, 0x6c, 0x1f, 0xf7,
    0x45, 0x67, 0xff, 0x4c, 0x40, 0xde, 0x8c, 0xea, 0x50, 0xa3, 0xe0, 0xf0,
    0x03, 0x60, 0x06, 0x72, 0x02, 0x5a, 0xff, 0x4a, 0x17, 0xf3, 0x34, 0x60,
    0x9c, 0x9b, 0x20, 0x6b, 0x10, 0x6a, 0xff, 0xf7, 0x06, 0x22, 0x8c, 0xea,
    0xff, 0xf7, 0x9c, 0x9b, 0x0f, 0x4a, 0x3f, 0x6a, 0x5c, 0xdb, 0x8c, 0xea,
    0x21, 0x6a, 0x17, 0xf3, 0x10, 0x4a, 0x70, 0xf0, 0xff, 0xf7, 0x80, 0x9a,
    0x8c, 0xeb, 0x10, 0x6b, 0x80, 0x9a, 0x06, 0x23, 0x3f, 0x6b, 0xff, 0xf7,
    0x8c, 0xeb, 0x0f, 0x4b, 0x00, 0x6b, 0x60, 0xda, 0x58, 0xeb, 0x58, 0x6a,
    0x20, 0x6c, 0x14, 0xf0, 0x10, 0x4c, 0x80, 0xf7, 0x91, 0xe2, 0x12, 0xea,
    0xbe, 0xa4, 0x20, 0xf0, 0xac, 0xea, 0x0f, 0x6a, 0x06, 0x61, 0x03, 0x72,
    0x4c, 0xed, 0xed, 0x4a, 0xad, 0xea, 0x02, 0x6a, 0x5e, 0xc4, 0x20, 0xf0,
    0x08, 0x73, 0x01, 0x4b, 0x20, 0xe8, 0xe9, 0x61, 0x07, 0x62, 0xfc, 0x63,
    0x05, 0xd0, 0x06, 0xd1, 0x20, 0x6a, 0x17, 0xf3, 0x48, 0x9a, 0x20, 0xf4,
    0x20, 0x68, 0x14, 0xf0, 0x10, 0x48, 0xc1, 0xf4, 0x1f, 0x6a, 0x42, 0x33,
    0x02, 0x72, 0x6c, 0xea, 0x50, 0xc0, 0xe0, 0xf0, 0x03, 0x5a, 0x16, 0x60,
    0x0b, 0x22, 0x05, 0x60, 0x00, 0x69, 0x01, 0x72, 0x19, 0x10, 0x1b, 0x60,
    0x0f, 0x60, 0x06, 0x72, 0x05, 0x60, 0x07, 0x72, 0x11, 0x60, 0x05, 0x72,
    0x01, 0x69, 0x12, 0x10, 0x82, 0xf3, 0x11, 0x10, 0x40, 0xf1, 0x08, 0x6a,
    0x05, 0x69, 0x5e, 0xc8, 0x02, 0x69, 0x0b, 0x10, 0x82, 0xf3, 0x09, 0x10,
    0x40, 0xf1, 0x08, 0x6a, 0x04, 0x69, 0x5e, 0xc8, 0x03, 0x69, 0x03, 0x10,
    0xff, 0x17, 0x01, 0x10, 0x6d, 0x24, 0x1f, 0x1a, 0x20, 0x31, 0x00, 0xf6,
    0x20, 0x6a, 0x07, 0xf0, 0x20, 0x6c, 0x17, 0xf3, 0x26, 0xdc, 0x4d, 0xe9,
    0xff, 0xf7, 0x70, 0x9c, 0xe0, 0xf0, 0x3f, 0x6a, 0x4c, 0xeb, 0x1f, 0x4a,
    0x4c, 0xa8, 0xe0, 0xf0, 0x1f, 0x6d, 0xff, 0xf7, 0x40, 0x32, 0x07, 0x97,
    0x06, 0x91, 0xac, 0xea, 0x6d, 0xea, 0x05, 0x90, 0x00, 0x6a, 0x50, 0xdc,
    0x00, 0xef, 0x04, 0x63, 0x05, 0x62, 0xfd, 0x63, 0x14, 0xf0, 0x04, 0xd0,
    0x80, 0xf0, 0x20, 0x68, 0x80, 0xf0, 0x00, 0x48, 0x40, 0xeb, 0x7c, 0x98,
    0x33, 0x24, 0x1f, 0x1a, 0x4e, 0x24, 0x1f, 0x1a, 0x4e, 0x25, 0x1f, 0x1a,
    0x78, 0x98, 0xc0, 0xf0, 0xc0, 0xf0, 0x40, 0xeb, 0x40, 0xea, 0x5c, 0x98,
    0x04, 0x90, 0x05, 0x97, 0x03, 0x63, 0x00, 0x6a, 0x00, 0x65, 0x00, 0xef,
    0x07, 0x62, 0xfc, 0x63, 0x05, 0xd0, 0x06, 0xd1, 0x20, 0x6a, 0x14, 0xf0,
    0x00, 0xf1, 0x04, 0x67, 0xff, 0x69, 0x58, 0x9a, 0x90, 0x67, 0x2c, 0xe8,
    0x14, 0xf0, 0x40, 0xea, 0x60, 0xf7, 0x20, 0x6c, 0x44, 0xa4, 0x18, 0x4c,
    0x47, 0xe8, 0x01, 0x6b, 0x0e, 0x2a, 0x6c, 0xea, 0x10, 0x33, 0x08, 0x32,
    0x14, 0xf0, 0x6d, 0xe2, 0x21, 0xf4, 0x20, 0x6a, 0x49, 0xe3, 0x10, 0x4a,
    0x01, 0x6a, 0x6d, 0xa2, 0x4c, 0xe9, 0x6c, 0xea, 0x10, 0x21, 0x80, 0xf0,
    0x20, 0x6b, 0x14, 0xf0, 0x10, 0x4b, 0xa0, 0xf3, 0x69, 0xe2, 0x04, 0x32,
    0x20, 0x6b, 0x14, 0xf0, 0x10, 0x4b, 0xc1, 0xf4, 0x60, 0xf0, 0x40, 0xaa,
    0xa3, 0xea, 0xba, 0xab, 0x00, 0x60, 0x80, 0xf0, 0x58, 0xe8, 0x58, 0x6a,
    0x20, 0x6a, 0x14, 0xf0, 0x10, 0x4a, 0x80, 0xf7, 0x55, 0xe5, 0x12, 0xed,
    0xbd, 0xa5, 0x20, 0xf0, 0x01, 0x6d, 0xa6, 0x36, 0x14, 0x25, 0xcc, 0xed,
    0xce, 0xa3, 0x60, 0xf0, 0xac, 0xee, 0x10, 0x6d, 0xcc, 0xed, 0xff, 0x6d,
    0x08, 0x35, 0x0d, 0x2d, 0xd9, 0xe5, 0x10, 0x36, 0x20, 0x6d, 0x14, 0xf0,
    0x18, 0x4d, 0xc0, 0xf6, 0xa9, 0xad, 0xb5, 0xe6, 0xa6, 0x35, 0xc8, 0xab,
    0x5e, 0x61, 0xc2, 0xed, 0xb8, 0xe8, 0x58, 0x6d, 0xb5, 0xe2, 0x12, 0xed,
    0xb3, 0xa5, 0x40, 0xf0, 0x01, 0x6d, 0xaa, 0x36, 0x1b, 0x25, 0xcc, 0xed,
    0x08, 0x35, 0x10, 0x36, 0x14, 0xf0, 0xd5, 0xe5, 0x21, 0xf4, 0x20, 0x6e,
    0xd9, 0xe5, 0x10, 0x4e, 0xde, 0x36, 0xcc, 0xa6, 0x14, 0xf0, 0x10, 0x26,
    0xc0, 0xf6, 0x20, 0x6e, 0xd5, 0xe5, 0x18, 0x4e, 0xee, 0xa3, 0x60, 0xf0,
    0x0f, 0x6e, 0xa3, 0xad, 0xc0, 0xf7, 0xec, 0xee, 0xa6, 0x35, 0x10, 0x6f,
    0xe2, 0xed, 0xe4, 0xee, 0x58, 0x6d, 0x39, 0x61, 0x03, 0x6e, 0xb8, 0xe8,
    0x12, 0xed, 0xcb, 0xee, 0x20, 0xf0, 0xb5, 0xe2, 0xec, 0xee, 0xfd, 0xa5,
    0xf3, 0xa5, 0x40, 0xf0, 0xdd, 0xc5, 0x20, 0xf0, 0xcb, 0xee, 0x05, 0x6e,
    0x40, 0xf0, 0xec, 0xee, 0xa4, 0x40, 0xd3, 0xc5, 0xb1, 0xe4, 0xa4, 0x35,
    0x01, 0x6c, 0xa0, 0xa4, 0xba, 0x37, 0xff, 0x6e, 0x17, 0x27, 0x8c, 0xef,
    0x1c, 0x2d, 0xbe, 0x35, 0xb6, 0xa2, 0x40, 0xf0, 0xcc, 0xed, 0x8c, 0xed,
    0x40, 0xf0, 0x17, 0x25, 0xaa, 0x35, 0xb3, 0xa2, 0x12, 0x2d, 0x8c, 0xed,
    0xbd, 0xa2, 0x20, 0xf0, 0xac, 0xec, 0xa6, 0x35, 0x60, 0xf0, 0x06, 0x24,
    0x10, 0x6b, 0x8e, 0xa3, 0x6c, 0xee, 0x8c, 0xeb, 0x58, 0x6b, 0x07, 0x26,
    0x12, 0xeb, 0x78, 0xe8, 0x03, 0x6b, 0x69, 0xe2, 0x7c, 0xc2, 0x20, 0xf0,
    0x06, 0x91, 0x07, 0x97, 0x00, 0x6a, 0x05, 0x90, 0x00, 0xef, 0x04, 0x63,
    0x09, 0x62, 0xfb, 0x63, 0x07, 0xd0, 0x08, 0xd1, 0x4c, 0xec, 0xff, 0x6a,
    0xb8, 0xec, 0x58, 0x6d, 0x20, 0x6b, 0x14, 0xf0, 0x10, 0x4b, 0x80, 0xf7,
    0x12, 0xed, 0x01, 0x6f, 0x40, 0xf0, 0x75, 0xe5, 0x56, 0x30, 0x56, 0xa5,
    0xa0, 0xf0, 0xec, 0xe8, 0x5a, 0x32, 0x18, 0x20, 0xc3, 0x67, 0xec, 0xea,
    0x04, 0x44, 0x7a, 0x22, 0x20, 0x6a, 0x14, 0xf0, 0x60, 0xf7, 0x04, 0xd0,
    0x04, 0x30, 0x18, 0x4a, 0x20, 0xa0, 0x41, 0xe0, 0x3e, 0x30, 0xff, 0x6a,
    0x14, 0xf0, 0x4c, 0xe8, 0x05, 0xd0, 0x20, 0x6a, 0x18, 0x4a, 0x60, 0xf7,
    0x3a, 0x30, 0x25, 0x28, 0x22, 0x27, 0x0c, 0xef, 0xf5, 0xa5, 0x40, 0xf0,
    0x1f, 0x65, 0xf2, 0x37, 0x03, 0x6f, 0x18, 0x67, 0x1a, 0x2f, 0x0c, 0xef,
    0x20, 0xf0, 0x02, 0x6a, 0x0f, 0x6d, 0x5c, 0xc5, 0xff, 0x6d, 0xac, 0xe9,
    0x82, 0xe9, 0xac, 0xe9, 0x58, 0x68, 0x05, 0x60, 0x12, 0xec, 0x18, 0xe9,
    0x09, 0x10, 0x8d, 0xe3, 0x98, 0xe9, 0x58, 0x6c, 0x8d, 0xe3, 0x12, 0xec,
    0x9c, 0xa3, 0x20, 0xf0, 0x80, 0xf0, 0x01, 0x74, 0x20, 0xf0, 0x00, 0x60,
    0x7d, 0x10, 0x5c, 0xc3, 0x78, 0xec, 0x58, 0x6b, 0x6d, 0xe6, 0x12, 0xeb,
    0xf5, 0xa3, 0x40, 0xf0, 0x03, 0x6f, 0xf2, 0x35, 0x01, 0x77, 0xac, 0xef,
    0x05, 0x95, 0x0a, 0x61, 0x0a, 0x6a, 0x08, 0x25, 0x5c, 0xc3, 0x20, 0xf0,
    0x20, 0x6a, 0x14, 0xf0, 0x58, 0x9a, 0x00, 0xf1, 0x65, 0xa2, 0x67, 0x10,
    0x67, 0xec, 0x01, 0x6d, 0x0c, 0x2b, 0xac, 0xeb, 0x90, 0x35, 0x88, 0x33,
    0x14, 0xf0, 0xb5, 0xe3, 0x21, 0xf4, 0x20, 0x6b, 0x6d, 0xe5, 0x10, 0x4b,
    0x01, 0x6b, 0xad, 0xa3, 0x15, 0x23, 0xac, 0xeb, 0x02, 0x4f, 0x03, 0x6b,
    0xff, 0x6b, 0x6c, 0xef, 0x02, 0x5f, 0x6c, 0xef, 0x04, 0x90, 0x08, 0x61,
    0x69, 0xe2, 0x04, 0x33, 0x5a, 0x33, 0x40, 0xa2, 0x6c, 0xea, 0x01, 0x6a,
    0x58, 0x6a, 0x06, 0x2a, 0x12, 0xea, 0x58, 0xec, 0x04, 0x6a, 0x59, 0xe6,
    0x58, 0x6a, 0x05, 0x10, 0x12, 0xea, 0x58, 0xec, 0x07, 0x6a, 0x59, 0xe6,
    0x5c, 0xc6, 0x20, 0xf0, 0x88, 0x32, 0x3a, 0x10, 0x6d, 0xe2, 0x90, 0x33,
    0x20, 0x6a, 0x14, 0xf0, 0x10, 0x4a, 0x21, 0xf4, 0x4c, 0xa2, 0x49, 0xe3,
    0x23, 0x22, 0x5e, 0x32, 0x44, 0x30, 0x44, 0x44, 0x20, 0x6a, 0x14, 0xf0,
    0x18, 0x4a, 0x60, 0xf7, 0x40, 0xa2, 0x49, 0xe0, 0x0c, 0xef, 0x5a, 0x30,
    0x5e, 0x32, 0x18, 0x2f, 0x40, 0xf0, 0x16, 0x22, 0xf2, 0x32, 0xf3, 0xa5,
    0x11, 0x60, 0x06, 0x72, 0x20, 0x6a, 0x14, 0xf0, 0x18, 0x4a, 0xc0, 0xf6,
    0x07, 0xa2, 0x49, 0xe3, 0x0d, 0xeb, 0x01, 0x6b, 0x03, 0xaa, 0x67, 0xc2,
    0x0c, 0xeb, 0x01, 0x6b, 0x04, 0x6a, 0x63, 0xca, 0x40, 0xf0, 0xed, 0xea,
    0x58, 0x6a, 0x53, 0xc5, 0x12, 0xea, 0x58, 0xec, 0x07, 0x6a, 0x59, 0xe6,
    0x5c, 0xc6, 0x20, 0xf0, 0x20, 0x6a, 0x14, 0xf0, 0x54, 0x9a, 0x20, 0xf1,
    0x09, 0x97, 0x40, 0xea, 0x07, 0x90, 0x08, 0x91, 0x05, 0x63, 0x00, 0x6a,
    0x00, 0x65, 0x00, 0xef, 0x07, 0x62, 0xfc, 0x63, 0x05, 0xd0, 0x06, 0xd1,
    0x20, 0x69, 0x14, 0xf0, 0x18, 0x49, 0x60, 0xf7, 0x20, 0x68, 0x14, 0xf0,
    0x80, 0xf0, 0x91, 0x67, 0x1f, 0x1a, 0x00, 0x48, 0xa0, 0xf0, 0x31, 0x04,
    0x00, 0x6c, 0x68, 0x98, 0xa0, 0xf0, 0x40, 0xeb, 0x01, 0x6c, 0x68, 0x98,
    0x00, 0x6c, 0x40, 0xeb, 0x90, 0x33, 0x88, 0x32, 0x14, 0xf0, 0x6d, 0xe2,
    0x21, 0xf4, 0x20, 0x6a, 0x49, 0xe3, 0x10, 0x4a, 0x01, 0x6b, 0xad, 0xa2,
    0x6c, 0xee, 0xa6, 0x36, 0xac, 0xeb, 0x05, 0x26, 0xfc, 0x6b, 0x03, 0x23,
    0x6d, 0xc2, 0xac, 0xeb, 0x08, 0x74, 0x01, 0x4c, 0xa0, 0xf0, 0xeb, 0x61,
    0x40, 0xea, 0x4c, 0x98, 0x03, 0x6a, 0x67, 0xa1, 0x20, 0x6e, 0x14, 0xf0,
    0x4c, 0xec, 0x72, 0x34, 0x14, 0xf0, 0x88, 0x35, 0xc1, 0xf4, 0x20, 0x6c,
    0x21, 0xf7, 0x10, 0x4e, 0xed, 0xa6, 0x00, 0x4c, 0xa0, 0x9c, 0x91, 0xe5,
    0x84, 0xef, 0x01, 0x6c, 0xa0, 0xf0, 0x93, 0xe5, 0x83, 0x67, 0x80, 0xce,
    0x4c, 0xec, 0x6a, 0x33, 0x88, 0x35, 0x6c, 0xea, 0x14, 0xf0, 0x48, 0x33,
    0x14, 0xf0, 0x20, 0x6c, 0x01, 0xf7, 0x20, 0x6a, 0x01, 0xf7, 0x00, 0x4c,
    0x91, 0xe5, 0x10, 0x4a, 0x40, 0x9a, 0x49, 0xe3, 0x4f, 0xce, 0x80, 0x9c,
    0x82, 0xc6, 0xa0, 0xf0, 0x06, 0x91, 0x07, 0x97, 0x00, 0x6a, 0x05, 0x90,
    0x00, 0xef, 0x04, 0x63, 0x09, 0x62, 0xfb, 0x63, 0x07, 0xd0, 0x08, 0xd1,
    0x8c, 0xe9, 0xff, 0x69, 0x28, 0x32, 0x30, 0x30, 0x14, 0xf0, 0x09, 0xe2,
    0xc0, 0xf6, 0x20, 0x68, 0x01, 0xe2, 0x18, 0x48, 0x02, 0x6a, 0x61, 0xa0,
    0x6c, 0xea, 0x4b, 0xea, 0x40, 0xa8, 0x41, 0xc0, 0x01, 0x6d, 0x01, 0x6b,
    0x40, 0xc8, 0x6c, 0xea, 0x58, 0xe9, 0x58, 0x6a, 0x20, 0x6a, 0x14, 0xf0,
    0x10, 0x4a, 0x80, 0xf7, 0x49, 0xe4, 0x12, 0xec, 0x20, 0xf0, 0x07, 0x6c,
    0x93, 0xa0, 0x9c, 0xc2, 0x93, 0xc0, 0xad, 0xec, 0x6c, 0xec, 0x89, 0xa8,
    0x20, 0xf0, 0x89, 0xc8, 0x02, 0x6c, 0xdd, 0xa2, 0x20, 0xf0, 0xcd, 0xec,
    0x91, 0x67, 0x9d, 0xc2, 0x05, 0xd5, 0x04, 0xd3, 0x88, 0x24, 0x1f, 0x1a,
    0x14, 0xf0, 0x04, 0x93, 0xa0, 0xf6, 0x20, 0x6a, 0x45, 0xe1, 0x10, 0x4a,
    0x51, 0xa0, 0x60, 0xc1, 0x09, 0x97, 0x05, 0x95, 0x4d, 0xed, 0x08, 0x91,
    0x48, 0xa8, 0xb1, 0xc0, 0x68, 0xc8, 0x4c, 0xeb, 0x00, 0x6a, 0x07, 0x90,
    0x00, 0xef, 0x05, 0x63, 0x4c, 0xec, 0xff, 0x6a, 0x58, 0xec, 0x58, 0x6a,
    0x20, 0x6a, 0x14, 0xf0, 0x10, 0x4a, 0x80, 0xf7, 0x49, 0xe3, 0x12, 0xeb,
    0x20, 0xf0, 0x07, 0x6b, 0x00, 0x6a, 0x7c, 0xc2, 0x00, 0x65, 0x20, 0xe8,
    0x09, 0x62, 0xfb, 0x63, 0x07, 0xd0, 0x08, 0xd1, 0x04, 0x67, 0xff, 0x6a,
    0xa4, 0x40, 0x4c, 0xe8, 0x20, 0x6c, 0x14, 0xf0, 0x60, 0xf7, 0xa4, 0x33,
    0x8d, 0xe3, 0x18, 0x4c, 0x03, 0x6b, 0xc1, 0xa3, 0xcc, 0xeb, 0x04, 0x58,
    0x05, 0x60, 0x4c, 0xeb, 0x20, 0x6c, 0x14, 0xf0, 0x80, 0xa4, 0xa0, 0xf1,
    0x14, 0xf0, 0x04, 0x10, 0xa0, 0xf1, 0x20, 0x6c, 0x8c, 0xea, 0x81, 0xa4,
    0x98, 0xe8, 0x58, 0x6c, 0x20, 0x6c, 0x14, 0xf0, 0x10, 0x4c, 0x80, 0xf7,
    0x12, 0xee, 0x01, 0x6f, 0x40, 0xf0, 0x99, 0xe6, 0x26, 0x31, 0x33, 0xa6,
    0x19, 0x65, 0xec, 0xe9, 0x3a, 0x61, 0x24, 0x67, 0x20, 0x6b, 0x17, 0xf3,
    0xa0, 0x43, 0x00, 0xf6, 0xa9, 0xe2, 0x08, 0x32, 0xf1, 0x6d, 0xe0, 0x9a,
    0xac, 0xef, 0xab, 0xed, 0xed, 0xed, 0xc0, 0x6d, 0xe0, 0x9a, 0xa0, 0xda,
    0x01, 0x6d, 0x01, 0xf7, 0xac, 0xef, 0xab, 0xed, 0x00, 0x6d, 0x01, 0xf4,
    0xa0, 0xda, 0xed, 0xed, 0x20, 0x6a, 0x00, 0xf1, 0x00, 0xf1, 0x44, 0xe8,
    0x40, 0xdb, 0x08, 0x4b, 0x75, 0xa6, 0x40, 0xf0, 0x20, 0xf0, 0x05, 0x6a,
    0x72, 0x35, 0x5c, 0xc6, 0xac, 0xeb, 0x03, 0x6b, 0x80, 0xf0, 0x01, 0x73,
    0xa4, 0x40, 0x1d, 0x61, 0x20, 0x6f, 0x14, 0xf0, 0x18, 0x4f, 0x60, 0xf7,
    0xb5, 0xe7, 0xa4, 0x35, 0x0f, 0x6b, 0xe0, 0xa5, 0xff, 0x6b, 0x6c, 0xef,
    0x58, 0x6b, 0x6c, 0xef, 0x12, 0xeb, 0x78, 0xef, 0x20, 0xf0, 0x71, 0xe4,
    0x8a, 0x10, 0x5c, 0xc4, 0x2d, 0x61, 0x08, 0x72, 0x20, 0x6c, 0x14, 0xf0,
    0x18, 0x4c, 0x60, 0xf7, 0x01, 0x6c, 0x45, 0xa4, 0x8c, 0xea, 0x47, 0xe8,
    0x02, 0x5b, 0x12, 0x2a, 0x08, 0x32, 0x0e, 0x61, 0x6d, 0xe2, 0x10, 0x33,
    0x20, 0x6a, 0x14, 0xf0, 0x10, 0x4a, 0x21, 0xf4, 0x4d, 0xa2, 0x49, 0xe3,
    0xff, 0x6a, 0x4c, 0xef, 0x03, 0x2f, 0x4c, 0xef, 0x01, 0x73, 0x10, 0x10,
    0x04, 0x58, 0x0e, 0x61, 0x14, 0xf0, 0x05, 0x60, 0xa0, 0xf1, 0x20, 0x6a,
    0x0f, 0x10, 0x00, 0xc2, 0x20, 0x6a, 0x14, 0xf0, 0xa0, 0xf1, 0x08, 0x58,
    0x09, 0x61, 0x01, 0xc2, 0x90, 0x67, 0x5f, 0x10, 0xa0, 0x26, 0x1f, 0x1a,
    0x08, 0x5a, 0x5b, 0x10, 0x0e, 0xea, 0x59, 0x60, 0x58, 0x6a, 0x57, 0x2a,
    0x12, 0xea, 0x58, 0xe8, 0x72, 0x9a, 0x49, 0xe1, 0x2f, 0x6a, 0xdf, 0xf7,
    0x1e, 0x4a, 0xff, 0xf0, 0x11, 0x2a, 0x49, 0xe3, 0x10, 0x33, 0x08, 0x32,
    0x14, 0xf0, 0x6d, 0xe2, 0xc0, 0xf6, 0x20, 0x6a, 0x49, 0xe3, 0x18, 0x4a,
    0x86, 0x36, 0x80, 0xaa, 0x05, 0x61, 0x0c, 0x76, 0x6c, 0xec, 0x01, 0x6b,
    0x8d, 0xeb, 0x30, 0x6b, 0x14, 0xf0, 0x60, 0xca, 0xc0, 0xf0, 0x20, 0x6a,
    0x04, 0xd5, 0x4c, 0x9a, 0x40, 0xea, 0x90, 0x67, 0x2d, 0x2a, 0x04, 0x95,
    0x98, 0xe8, 0x58, 0x6c, 0x6b, 0xeb, 0x03, 0x6b, 0xa4, 0x35, 0x05, 0x6e,
    0x49, 0xe1, 0x12, 0xea, 0xfd, 0xa2, 0x20, 0xf0, 0xdc, 0xc2, 0x20, 0xf0,
    0x20, 0xf0, 0x6c, 0xef, 0x14, 0xf0, 0xfd, 0xc2, 0x60, 0xf7, 0x20, 0x6f,
    0xb5, 0xe7, 0x18, 0x4f, 0x01, 0x6f, 0xa0, 0xa5, 0x0c, 0xef, 0xba, 0x30,
    0x40, 0xf0, 0x19, 0x27, 0x52, 0x37, 0x55, 0xa2, 0xec, 0xea, 0x03, 0x6a,
    0x12, 0x61, 0x01, 0x72, 0xac, 0xea, 0x0f, 0x6a, 0x12, 0xea, 0x98, 0xea,
    0x20, 0xf0, 0x45, 0xe1, 0x20, 0xf0, 0x5d, 0xa1, 0x4c, 0xeb, 0xdc, 0xc1,
    0x7d, 0xc1, 0x20, 0xf0, 0x01, 0x4a, 0x05, 0x10, 0x90, 0x67, 0x03, 0x2a,
    0x7c, 0x26, 0x1f, 0x1a, 0x08, 0x91, 0x09, 0x97, 0x00, 0x6a, 0x07, 0x90,
    0x00, 0xef, 0x05, 0x63, 0x0b, 0x62, 0xfa, 0x63, 0x09, 0xd0, 0x0a, 0xd1,
    0x04, 0x67, 0xff, 0x6e, 0x08, 0x33, 0xcc, 0xe8, 0x14, 0xf0, 0x10, 0x35,
    0xb1, 0xe3, 0x20, 0x69, 0x10, 0x49, 0x21, 0xf4, 0xe3, 0xa2, 0x29, 0xe4,
    0xec, 0xea, 0x01, 0x6a, 0x26, 0x26, 0x4c, 0xee, 0x20, 0x6a, 0x14, 0xf0,
    0x18, 0x4a, 0xc0, 0xf6, 0x81, 0xaa, 0x49, 0xe4, 0x00, 0x5c, 0x20, 0xf3,
    0xc3, 0xa2, 0x1d, 0x61, 0x8b, 0xec, 0x02, 0x6c, 0x83, 0xc2, 0xcc, 0xec,
    0x01, 0x6c, 0xc1, 0xaa, 0x81, 0xca, 0xcc, 0xec, 0x58, 0xe8, 0x58, 0x6a,
    0x20, 0x6a, 0x14, 0xf0, 0x10, 0x4a, 0x80, 0xf7, 0x49, 0xe4, 0x12, 0xec,
    0x00, 0xf0, 0xd3, 0x9a, 0xcd, 0xec, 0x21, 0x6c, 0x90, 0x67, 0x93, 0xda,
    0x06, 0xd5, 0x05, 0xd3, 0xa0, 0x26, 0x1f, 0x1a, 0x05, 0x93, 0x06, 0x95,
    0x91, 0xe1, 0xb1, 0xe3, 0x01, 0x6e, 0x4d, 0xa4, 0xcc, 0xef, 0x46, 0x37,
    0x03, 0x6d, 0x38, 0x27, 0x02, 0x6b, 0xab, 0xed, 0xac, 0xea, 0x6b, 0xeb,
    0x4d, 0xc4, 0x6c, 0xea, 0x05, 0xd3, 0x90, 0x67, 0x04, 0xd6, 0x06, 0xd5,
    0xa0, 0x26, 0x1f, 0x1a, 0x44, 0x34, 0x44, 0x40, 0x20, 0x6a, 0x14, 0xf0,
    0x18, 0x4a, 0x60, 0xf7, 0x40, 0xa2, 0x49, 0xe4, 0x05, 0x93, 0x04, 0x96,
    0x8c, 0xee, 0x5a, 0x34, 0x80, 0xf0, 0x06, 0x95, 0x58, 0x6c, 0x02, 0x26,
    0x14, 0xf0, 0x98, 0xe8, 0x80, 0xf7, 0x20, 0x6c, 0x12, 0xee, 0x10, 0x4c,
    0x40, 0xf0, 0x91, 0xe6, 0x92, 0x36, 0x95, 0xa4, 0xcc, 0xec, 0x03, 0x6c,
    0x73, 0x61, 0x01, 0x74, 0x8c, 0xea, 0x0f, 0x6c, 0x8c, 0xea, 0xff, 0x6c,
    0x50, 0x32, 0x48, 0x34, 0x25, 0xe2, 0x49, 0xe4, 0x4c, 0xed, 0x4d, 0xa1,
    0x6d, 0xc1, 0xac, 0xeb, 0x58, 0x6a, 0x66, 0x10, 0x14, 0xf0, 0x58, 0xe8,
    0x80, 0xf7, 0x20, 0x69, 0x12, 0xea, 0x10, 0x49, 0x20, 0xf0, 0x29, 0xe2,
    0x9e, 0x34, 0x9d, 0xa2, 0x40, 0xf0, 0x57, 0x24, 0x52, 0x34, 0x55, 0xa2,
    0x8c, 0xea, 0x03, 0x6a, 0x26, 0x61, 0x01, 0x72, 0x20, 0x6a, 0x14, 0xf0,
    0x08, 0x4a, 0x20, 0xf6, 0x80, 0x9a, 0x69, 0xe2, 0x1e, 0x61, 0x01, 0x74,
    0x04, 0x34, 0x04, 0x48, 0x20, 0x68, 0x14, 0xf0, 0x18, 0x48, 0x60, 0xf7,
    0xa0, 0xa0, 0x01, 0xe4, 0x11, 0x2c, 0xbe, 0x34, 0xac, 0xec, 0x0f, 0x6c,
    0x20, 0x6d, 0x17, 0xf3, 0x10, 0x4d, 0x20, 0xf2, 0x31, 0x6e, 0x20, 0xf0,
    0x00, 0xf1, 0x88, 0x34, 0xb1, 0xe4, 0xe2, 0x46, 0x00, 0xf5, 0xad, 0xe3,
    0xe0, 0xdc, 0x02, 0x4e, 0x02, 0x6b, 0xc0, 0xdb, 0x2d, 0x10, 0x60, 0xda,
    0x20, 0x6a, 0x14, 0xf0, 0x54, 0x9a, 0xc0, 0xf0, 0x06, 0xd5, 0x05, 0xd3,
    0x40, 0xea, 0x90, 0x67, 0x06, 0x95, 0x05, 0x93, 0xa9, 0xe3, 0x17, 0x2a,
    0x20, 0x6b, 0x14, 0xf0, 0x18, 0x4b, 0xc0, 0xf6, 0x83, 0xa3, 0x6d, 0xe2,
    0x4b, 0xea, 0x02, 0x6a, 0x43, 0xc3, 0x8c, 0xea, 0x01, 0x6a, 0x81, 0xab,
    0x41, 0xcb, 0x8c, 0xea, 0x58, 0xe8, 0x58, 0x6a, 0x45, 0xe1, 0x12, 0xea,
    0x20, 0xf0, 0x06, 0x6a, 0x0b, 0x10, 0x5c, 0xc1, 0x04, 0x61, 0x10, 0x72,
    0x1f, 0x1a, 0x90, 0x67, 0x05, 0x10, 0x7c, 0x26, 0x03, 0x61, 0x11, 0x72,
    0x1f, 0x1a, 0x90, 0x67, 0x0b, 0x97, 0xa0, 0x26, 0x09, 0x90, 0x0a, 0x91,
    0x06, 0x63, 0x00, 0x6a, 0x00, 0x65, 0x00, 0xef, 0x09, 0x62, 0xfb, 0x63,
    0x07, 0xd0, 0x08, 0xd1, 0x04, 0x67, 0xff, 0x6e, 0xcc, 0xe8, 0x58, 0x6a,
    0x14, 0xf0, 0x58, 0xe8, 0x80, 0xf7, 0x20, 0x69, 0x12, 0xeb, 0x10, 0x49,
    0x20, 0xf0, 0x2d, 0xe3, 0x04, 0x72, 0x5c, 0xa3, 0x05, 0x5a, 0x4f, 0x60,
    0x01, 0x72, 0x10, 0x60, 0x14, 0x22, 0x47, 0x60, 0x80, 0xf0, 0x03, 0x72,
    0x14, 0xf0, 0x02, 0x61, 0xa0, 0xf0, 0x20, 0x6a, 0x90, 0x67, 0x5c, 0x9a,
    0x90, 0x67, 0x40, 0xea, 0xe2, 0x25, 0x1f, 0x1a, 0x06, 0x72, 0x78, 0x10,
    0x06, 0x5a, 0x43, 0x60, 0x07, 0x72, 0x3d, 0x61, 0x71, 0x10, 0x05, 0x60,
    0x20, 0xf0, 0x07, 0x6a, 0x6d, 0x10, 0x5c, 0xc3, 0x04, 0xd3, 0x90, 0x67,
    0xdd, 0x24, 0x1f, 0x1a, 0x40, 0xf0, 0x04, 0x93, 0xb2, 0x32, 0xb3, 0xa3,
    0x18, 0x61, 0x02, 0x72, 0x01, 0x6a, 0xaa, 0x34, 0x14, 0x2a, 0x8c, 0xea,
    0x10, 0x34, 0x08, 0x32, 0x14, 0xf0, 0x91, 0xe2, 0xc0, 0xf6, 0x20, 0x6a,
    0x49, 0xe4, 0x18, 0x4a, 0x01, 0x6c, 0xc7, 0xa2, 0x87, 0xc2, 0xcd, 0xec,
    0x01, 0x6c, 0xc3, 0xaa, 0x83, 0xca, 0xcc, 0xec, 0xad, 0xea, 0x04, 0x6a,
    0x53, 0xc3, 0x40, 0xf0, 0x58, 0xe8, 0x58, 0x6a, 0x12, 0xea, 0x01, 0x6b,
    0x40, 0xf0, 0x45, 0xe1, 0x6c, 0xea, 0x56, 0xa1, 0x20, 0xf0, 0x42, 0x22,
    0x3f, 0x10, 0x7c, 0xc1, 0x1f, 0x1a, 0x90, 0x67, 0x3b, 0x10, 0x85, 0x25,
    0x1f, 0x1a, 0x90, 0x67, 0x37, 0x10, 0xa8, 0x26, 0x1f, 0x1a, 0x90, 0x67,
    0x33, 0x10, 0x24, 0x27, 0x20, 0x6a, 0x14, 0xf0, 0x00, 0xf6, 0x08, 0x34,
    0x49, 0xe4, 0x08, 0x4a, 0x14, 0xf0, 0x40, 0x9a, 0x80, 0xf0, 0x20, 0x69,
    0x19, 0x2a, 0x00, 0x49, 0x7e, 0xa3, 0x20, 0xf0, 0x6c, 0xea, 0x0f, 0x6a,
    0x02, 0x72, 0xcc, 0xea, 0x10, 0x32, 0x12, 0x61, 0x14, 0xf0, 0x49, 0xe4,
    0x21, 0xf4, 0x20, 0x6c, 0x91, 0xe2, 0x10, 0x4c, 0x00, 0x6d, 0x4e, 0xa4,
    0x03, 0x61, 0x05, 0x5a, 0xa2, 0x67, 0xfc, 0x4a, 0xa0, 0xf0, 0xcc, 0xed,
    0x90, 0x67, 0x58, 0x99, 0x57, 0x99, 0x40, 0xea, 0x40, 0xea, 0x90, 0x67,
    0x04, 0x61, 0x13, 0x72, 0x1f, 0x1a, 0x90, 0x67, 0x05, 0x10, 0x7c, 0x26,
    0x03, 0x61, 0x12, 0x72, 0x1f, 0x1a, 0x90, 0x67, 0x09, 0x97, 0xa0, 0x26,
    0x07, 0x90, 0x08, 0x91, 0x05, 0x63, 0x00, 0x6a, 0x00, 0x65, 0x00, 0xef,
    0x05, 0x62, 0xfd, 0x63, 0xff, 0x68, 0x04, 0xd0, 0x90, 0x67, 0x8c, 0xe8,
    0x88, 0x24, 0x1f, 0x1a, 0x1f, 0x1a, 0x90, 0x67, 0x05, 0x97, 0xa0, 0x26,
    0x00, 0x6a, 0x04, 0x90, 0x00, 0xef, 0x03, 0x63, 0x0b, 0x62, 0xfa, 0x63,
    0x09, 0xd0, 0x0a, 0xd1, 0x04, 0x67, 0xff, 0x6e, 0xcc, 0xe8, 0x58, 0x6a,
    0x14, 0xf0, 0x58, 0xe8, 0x80, 0xf7, 0x20, 0x6b, 0x01, 0x6d, 0x10, 0x4b,
    0x65, 0xe1, 0x12, 0xe9, 0xf6, 0xa1, 0x40, 0xf0, 0xac, 0xea, 0x47, 0x67,
    0xc0, 0xf0, 0xcc, 0xea, 0x20, 0xf0, 0x12, 0x22, 0x0a, 0x72, 0x5c, 0xa1,
    0x10, 0x61, 0xc0, 0xf0, 0x20, 0x6a, 0x14, 0xf0, 0x18, 0x4a, 0x60, 0xf7,
    0x1a, 0x65, 0x84, 0xa2, 0x87, 0xe8, 0x01, 0x6a, 0x1b, 0x24, 0x4c, 0xec,
    0x4c, 0xef, 0xde, 0x4a, 0x40, 0xf0, 0x03, 0x6a, 0x20, 0xf0, 0xf6, 0xc1,
    0x90, 0x67, 0x5c, 0xc1, 0x06, 0xd3, 0x00, 0x6d, 0xfd, 0x03, 0x1f, 0x1a,
    0x9d, 0xa1, 0x20, 0xf0, 0x4b, 0xea, 0x03, 0x6a, 0x40, 0xf0, 0x8c, 0xea,
    0x20, 0xf0, 0x93, 0xa1, 0x05, 0x6a, 0x5d, 0xc1, 0x8c, 0xea, 0x4b, 0xea,
    0x53, 0xc1, 0x40, 0xf0, 0x98, 0x67, 0x18, 0x10, 0x01, 0x6a, 0x85, 0xa4,
    0x4c, 0xec, 0x87, 0xe8, 0x40, 0xf0, 0x14, 0x24, 0xf6, 0x4a, 0x93, 0xa1,
    0x04, 0x6a, 0x4c, 0xef, 0x5c, 0xc1, 0x20, 0xf0, 0x8d, 0xea, 0x02, 0x6a,
    0xf6, 0xc1, 0x40, 0xf0, 0x53, 0xc1, 0x40, 0xf0, 0x90, 0x67, 0x00, 0x6d,
    0x1f, 0x1a, 0x06, 0xd3, 0x06, 0x93, 0x14, 0x04, 0x10, 0x37, 0x91, 0x10,
    0x14, 0xf0, 0x08, 0x34, 0x04, 0xd4, 0x20, 0x6a, 0x10, 0x4a, 0x21, 0xf4,
    0x51, 0xe4, 0xf1, 0xe4, 0xed, 0xa4, 0x05, 0xd7, 0x58, 0x67, 0x1f, 0x65,
    0x4c, 0xee, 0xac, 0xea, 0x00, 0x26, 0x80, 0xf0, 0xdd, 0xa1, 0x20, 0xf0,
    0xde, 0x36, 0x1e, 0x65, 0x26, 0xf0, 0x5f, 0x2e, 0x78, 0x6a, 0x01, 0x6e,
    0x4b, 0xea, 0xd4, 0xc9, 0xcd, 0xea, 0xd8, 0x67, 0x20, 0xf0, 0x22, 0x6f,
    0x20, 0xf0, 0xfe, 0xc1, 0xd1, 0xa4, 0x5d, 0xc1, 0xcc, 0xed, 0xda, 0x36,
    0x93, 0xa4, 0x4f, 0x25, 0x1c, 0x60, 0x02, 0x74, 0x0b, 0x60, 0x03, 0x5c,
    0x58, 0x6a, 0x21, 0x2c, 0x10, 0x6c, 0x58, 0xe8, 0x12, 0xea, 0x8b, 0xec,
    0x20, 0xf0, 0x49, 0xe3, 0xac, 0xec, 0xbe, 0xa2, 0x04, 0x74, 0x22, 0x10,
    0x08, 0x74, 0x15, 0x60, 0x58, 0x6a, 0x13, 0x61, 0x10, 0x6c, 0x58, 0xe8,
    0x12, 0xea, 0x8b, 0xec, 0x20, 0xf0, 0x49, 0xe3, 0x8c, 0xed, 0xbe, 0xa2,
    0x12, 0x10, 0x03, 0x6c, 0x8b, 0xec, 0x10, 0x6c, 0x01, 0x6a, 0x8c, 0xef,
    0x20, 0xf0, 0xed, 0xea, 0x0d, 0x10, 0x5e, 0xc1, 0x58, 0xe8, 0x58, 0x6a,
    0x8b, 0xec, 0x10, 0x6c, 0x49, 0xe3, 0x12, 0xea, 0xbe, 0xa2, 0x20, 0xf0,
    0x02, 0x6c, 0x8c, 0xed, 0x20, 0xf0, 0xad, 0xec, 0x58, 0x6a, 0x9e, 0xc2,
    0x05, 0x94, 0x58, 0xe8, 0x14, 0xf0, 0x04, 0x92, 0x21, 0xf4, 0x20, 0x6e,
    0x9d, 0xe2, 0x10, 0x4e, 0x92, 0xa7, 0xfd, 0xe6, 0x8c, 0xea, 0x3f, 0x6a,
    0x8c, 0xea, 0xff, 0x6c, 0x40, 0x32, 0x92, 0xa7, 0x9a, 0x36, 0x44, 0x32,
    0xcc, 0xec, 0x01, 0x6c, 0x12, 0xed, 0x01, 0x74, 0xb5, 0xe3, 0xf8, 0x67,
    0x54, 0xcd, 0x44, 0xef, 0x05, 0x95, 0x04, 0x92, 0x14, 0xf0, 0xb1, 0xe2,
    0xc0, 0xf6, 0x20, 0x6a, 0x49, 0xe4, 0x18, 0x4a, 0x02, 0x6c, 0xa3, 0xa2,
    0xac, 0xec, 0x8b, 0xec, 0xa1, 0xaa, 0x83, 0xc2, 0xac, 0xec, 0x01, 0x6c,
    0x58, 0x6a, 0x81, 0xca, 0x05, 0x6c, 0x58, 0xe8, 0x49, 0xe3, 0x12, 0xea,
    0x9c, 0xc2, 0x20, 0xf0, 0x07, 0x6a, 0x03, 0x10, 0x5c, 0xc1, 0x20, 0xf0,
    0x58, 0xe8, 0x58, 0x6a, 0x25, 0xe3, 0x12, 0xe9, 0x5c, 0xa1, 0x20, 0xf0,
    0x6d, 0x60, 0x05, 0x72, 0x05, 0x60, 0x06, 0x5a, 0x27, 0x60, 0x03, 0x72,
    0x4a, 0x60, 0x04, 0x72, 0x07, 0x72, 0x7c, 0x10, 0x07, 0x5a, 0x08, 0x60,
    0x0a, 0x72, 0x66, 0x61, 0x90, 0x67, 0x76, 0x61, 0x0d, 0x04, 0x1f, 0x1a,
    0x90, 0x67, 0x79, 0x10, 0xdd, 0x24, 0x1f, 0x1a, 0x76, 0xa1, 0x40, 0xf0,
    0x6c, 0xea, 0x01, 0x6a, 0x20, 0xf0, 0x71, 0x22, 0x0a, 0x6a, 0x7d, 0xa1,
    0x5c, 0xc1, 0x20, 0xf0, 0x4b, 0xea, 0x03, 0x6a, 0x40, 0xf0, 0x6c, 0xea,
    0x20, 0xf0, 0x73, 0xa1, 0x05, 0x6a, 0x5d, 0xc1, 0x6c, 0xea, 0x4b, 0xea,
    0x53, 0xc1, 0x40, 0xf0, 0x90, 0x67, 0x5f, 0x10, 0xfe, 0x08, 0x1f, 0x1a,
    0x56, 0xa1, 0x40, 0xf0, 0x56, 0x32, 0x01, 0x6b, 0x56, 0x22, 0x6c, 0xea,
    0x20, 0xf0, 0x0a, 0x6a, 0x08, 0x32, 0x5c, 0xc1, 0x09, 0xe2, 0x10, 0x30,
    0x20, 0x68, 0x14, 0xf0, 0x18, 0x48, 0xc0, 0xf6, 0x8d, 0xa0, 0x01, 0xe2,
    0x8d, 0xea, 0x01, 0x6a, 0x86, 0xa8, 0x4d, 0xc0, 0x8c, 0xea, 0x01, 0x6a,
    0x20, 0xf0, 0x46, 0xc8, 0x4a, 0x32, 0x5d, 0xa1, 0x3e, 0x23, 0x4c, 0xeb,
    0x20, 0xf0, 0x07, 0x6a, 0x3a, 0x10, 0x5c, 0xc1, 0x1f, 0x1a, 0x90, 0x67,
    0x40, 0xf0, 0xa8, 0x26, 0x4e, 0x33, 0x56, 0xa1, 0x6c, 0xea, 0x01, 0x6a,
    0x0a, 0x6a, 0x31, 0x22, 0x5c, 0xc1, 0x20, 0xf0, 0x10, 0x30, 0x08, 0x32,
    0x14, 0xf0, 0x09, 0xe2, 0xc0, 0xf6, 0x20, 0x68, 0x01, 0xe2, 0x18, 0x48,
    0x01, 0x6a, 0x6d, 0xa0, 0x4d, 0xc0, 0x6d, 0xea, 0x01, 0x6a, 0x66, 0xa8,
    0x46, 0xc8, 0x6c, 0xea, 0x90, 0x67, 0x1d, 0x10, 0x24, 0x27, 0x1f, 0x1a,
    0x14, 0xf0, 0x19, 0x10, 0xc0, 0xf0, 0x20, 0x6a, 0x90, 0x67, 0x5c, 0x9a,
    0x13, 0x72, 0x40, 0xea, 0x90, 0x67, 0x04, 0x61, 0x7c, 0x26, 0x1f, 0x1a,
    0x12, 0x72, 0x0d, 0x10, 0x90, 0x67, 0x0b, 0x61, 0xa0, 0x26, 0x1f, 0x1a,
    0x58, 0x6a, 0x07, 0x10, 0x12, 0xea, 0x58, 0xe8, 0x07, 0x6a, 0x4d, 0xe3,
    0x5c, 0xc3, 0x20, 0xf0, 0x0a, 0x91, 0x0b, 0x97, 0x00, 0x6a, 0x09, 0x90,
    0x00, 0xef, 0x06, 0x63, 0x11, 0x62, 0xf7, 0x63, 0x0f, 0xd0, 0x10, 0xd1,
    0x20, 0x6b, 0x14, 0xf0, 0x54, 0xa3, 0x60, 0xf5, 0x20, 0x69, 0x14, 0xf0,
    0x00, 0x49, 0x80, 0xf0, 0x60, 0xf5, 0x01, 0x4a, 0x1f, 0x1a, 0x54, 0xc3,
    0x1f, 0x1a, 0x12, 0x25, 0x67, 0x99, 0x4c, 0x26, 0x20, 0x68, 0x14, 0xf0,
    0x1c, 0x48, 0xc0, 0xf7, 0x14, 0xf0, 0x40, 0xeb, 0xa0, 0xf4, 0x20, 0x6a,
    0x04, 0xd0, 0x00, 0x4a, 0x00, 0x68, 0x06, 0xd2, 0x20, 0x6c, 0x14, 0xf0,
    0x00, 0x4c, 0x80, 0xf0, 0x10, 0x31, 0x86, 0x9c, 0x07, 0x95, 0x07, 0xd4,
    0x40, 0xed, 0x90, 0x67, 0x14, 0xf0, 0x08, 0x37, 0x31, 0xe7, 0x20, 0x6a,
    0x10, 0x4a, 0x21, 0xf4, 0x49, 0xe4, 0x05, 0xd7, 0xf9, 0x65, 0x40, 0xa2,
    0x05, 0x22, 0x5e, 0x32, 0xff, 0xf7, 0x04, 0x93, 0x00, 0xf1, 0x57, 0xa3,
    0x14, 0xf0, 0x1c, 0x2a, 0x00, 0xf0, 0x20, 0x6c, 0x60, 0xf0, 0x00, 0x4c,
    0x18, 0x6a, 0xdf, 0xa4, 0xff, 0x6e, 0xcc, 0xea, 0x06, 0x22, 0xcc, 0xea,
    0xfc, 0xa4, 0x60, 0xf0, 0xec, 0xea, 0x02, 0x6a, 0x07, 0x2e, 0x4c, 0xee,
    0x00, 0xf1, 0x5f, 0x9c, 0x04, 0x4c, 0x20, 0x6c, 0x8b, 0xe2, 0x8c, 0xea,
    0x90, 0x67, 0x04, 0x2a, 0xe9, 0x27, 0x1f, 0x1a, 0x14, 0xf0, 0x03, 0x11,
    0x21, 0xf7, 0x20, 0x6a, 0x49, 0xe0, 0x10, 0x4a, 0x02, 0x24, 0x80, 0xa2,
    0x80, 0xc2, 0xff, 0x4c, 0x20, 0x6c, 0x14, 0xf0, 0x18, 0x4c, 0x60, 0xf7,
    0xc3, 0xa4, 0xe6, 0xa4, 0xec, 0xee, 0x01, 0x69, 0x2c, 0xee, 0xc7, 0xe8,
    0x04, 0x95, 0x06, 0x26, 0xa0, 0x9d, 0x04, 0x93, 0x20, 0xdb, 0xad, 0xe9,
    0xc2, 0xa4, 0x0b, 0x10, 0xc7, 0xe8, 0xec, 0xee, 0x06, 0x21, 0xcc, 0xe9,
    0x04, 0x91, 0x04, 0x95, 0xa0, 0x9d, 0x02, 0x6e, 0xc0, 0xd9, 0xad, 0xee,
    0x01, 0x6e, 0x81, 0xa4, 0x87, 0xe8, 0xa4, 0x40, 0x0d, 0x2c, 0xcc, 0xec,
    0x20, 0x6b, 0x14, 0xf0, 0x18, 0x4b, 0x60, 0xf7, 0x65, 0xe1, 0xa4, 0x31,
    0x19, 0x65, 0x21, 0xa1, 0x03, 0x69, 0x78, 0x67, 0x19, 0x65, 0x6c, 0xe9,
    0x08, 0x6c, 0x19, 0x61, 0x14, 0xf0, 0x80, 0xc2, 0xa0, 0xf6, 0x20, 0x6a,
    0x49, 0xe0, 0x10, 0x4a, 0x80, 0xc2, 0x00, 0x6c, 0x58, 0xe8, 0x58, 0x6a,
    0x20, 0x6a, 0x14, 0xf0, 0x10, 0x4a, 0x80, 0xf7, 0x49, 0xe4, 0x12, 0xec,
    0xdd, 0xa2, 0x20, 0xf0, 0x8b, 0xec, 0x03, 0x6c, 0x20, 0xf0, 0xcc, 0xec,
    0x2e, 0x10, 0x9d, 0xc2, 0x20, 0x69, 0x14, 0xf0, 0x38, 0xa1, 0x60, 0xf7,
    0xcc, 0xe9, 0x27, 0xe8, 0x08, 0x6e, 0x21, 0x21, 0x14, 0xf0, 0xc0, 0xc2,
    0xa0, 0xf6, 0x20, 0x6a, 0x49, 0xe0, 0x10, 0x4a, 0x58, 0x6a, 0x80, 0xc2,
    0x14, 0xf0, 0x58, 0xe8, 0x80, 0xf7, 0x20, 0x6a, 0x12, 0xec, 0x10, 0x4a,
    0x20, 0xf0, 0x49, 0xe4, 0x03, 0x6c, 0xdd, 0xa2, 0xcc, 0xec, 0x8b, 0xec,
    0x9d, 0xc2, 0x20, 0xf0, 0x07, 0x6c, 0x04, 0x97, 0x9c, 0xc2, 0x20, 0xf0,
    0x04, 0x91, 0xe0, 0x9f, 0xed, 0xea, 0x08, 0x6a, 0x06, 0x10, 0x40, 0xd9,
    0xec, 0xee, 0xe7, 0xe8, 0x40, 0xa2, 0x03, 0x26, 0x01, 0x22, 0x80, 0xf0,
    0x01, 0x6f, 0x06, 0x93, 0x83, 0x67, 0x60, 0x9b, 0x20, 0x2c, 0xee, 0xec,
    0x20, 0x6e, 0x14, 0xf0, 0x00, 0x4e, 0xc0, 0xf3, 0xc9, 0xe2, 0x04, 0x32,
    0x20, 0x6e, 0x14, 0xf0, 0xe1, 0xf4, 0x50, 0xaa, 0x43, 0xee, 0xc6, 0xae,
    0x05, 0x91, 0x13, 0x60, 0x06, 0x93, 0x5f, 0x67, 0x14, 0xf0, 0x59, 0xe1,
    0xc0, 0xf6, 0x20, 0x6a, 0x49, 0xe6, 0x18, 0x4a, 0x02, 0x6e, 0xeb, 0xa2,
    0xec, 0xee, 0xcb, 0xee, 0xe5, 0xaa, 0xcb, 0xc2, 0x80, 0xdb, 0x01, 0x6e,
    0xc5, 0xca, 0xec, 0xee, 0x20, 0x6c, 0x14, 0xf0, 0x18, 0x4c, 0x60, 0xf7,
    0x49, 0xe4, 0xa4, 0x32, 0x03, 0x6a, 0x81, 0xa2, 0x20, 0x69, 0x14, 0xf0,
    0x01, 0x72, 0x8c, 0xea, 0x10, 0x49, 0x80, 0xf7, 0x08, 0x22, 0x05, 0x60,
    0x1f, 0x1a, 0x90, 0x67, 0x2a, 0x10, 0x97, 0x27, 0x1f, 0x1a, 0x90, 0x67,
    0x26, 0x10, 0xf1, 0x27, 0x1f, 0x1a, 0x90, 0x67, 0x58, 0x6a, 0x0d, 0x04,
    0x00, 0x6c, 0x58, 0xe8, 0x49, 0xe1, 0x12, 0xea, 0x9c, 0xc2, 0x20, 0xf0,
    0x20, 0x6a, 0x14, 0xf0, 0x0c, 0x4a, 0xc0, 0xf6, 0x80, 0xc2, 0x49, 0xe0,
    0x1f, 0x1a, 0x90, 0x67, 0x14, 0xf0, 0x88, 0x24, 0x80, 0xf0, 0x20, 0x6d,
    0x7c, 0x4d, 0x00, 0x4d, 0x90, 0x67, 0xae, 0x9d, 0x05, 0x97, 0x40, 0xed,
    0x20, 0x6a, 0x17, 0xf3, 0x00, 0x4a, 0x00, 0xf6, 0xc0, 0x9a, 0x49, 0xe7,
    0x8b, 0xec, 0x10, 0x6c, 0x80, 0xda, 0xcc, 0xec, 0x58, 0xe8, 0x58, 0x6a,
    0x45, 0xe1, 0x12, 0xea, 0x5c, 0xa1, 0x20, 0xf0, 0x18, 0x61, 0x06, 0x72,
    0x14, 0xf0, 0x05, 0x91, 0x00, 0xf6, 0x20, 0x6a, 0x29, 0xe2, 0x08, 0x4a,
    0x01, 0x72, 0x40, 0x9a, 0x17, 0xf3, 0x0f, 0x61, 0x20, 0xf2, 0x20, 0x6a,
    0x55, 0xe1, 0x10, 0x4a, 0xff, 0xf7, 0x80, 0x9d, 0x8c, 0xea, 0x1f, 0x6a,
    0x00, 0x72, 0x06, 0xf2, 0x90, 0x67, 0x03, 0x60, 0x7c, 0x26, 0x1f, 0x1a,
    0x04, 0x95, 0x06, 0x93, 0x1c, 0x4b, 0x01, 0x48, 0x08, 0x70, 0x58, 0x4d,
    0x04, 0xd5, 0x06, 0xd3, 0x1c, 0x61, 0xbf, 0xf6, 0x20, 0x6f, 0x14, 0xf0,
    0x00, 0x4f, 0x80, 0xf0, 0xe5, 0x9f, 0x7c, 0x4f, 0x20, 0x69, 0x14, 0xf0,
    0x00, 0x49, 0x80, 0xf0, 0x80, 0xf0, 0x40, 0xef, 0x40, 0xea, 0x54, 0x99,
    0x20, 0x6a, 0x17, 0xf3, 0x68, 0x9a, 0x80, 0xf0, 0x6c, 0xea, 0xff, 0x6a,
    0x02, 0x60, 0xff, 0x72, 0xb9, 0x2a, 0x1f, 0x1a, 0x20, 0x68, 0x14, 0xf0,
    0x58, 0xa0, 0x21, 0xf7, 0x01, 0x4a, 0x32, 0x5a, 0x1f, 0x1a, 0x05, 0x61,
    0x1f, 0x1a, 0x92, 0x29, 0x00, 0x6a, 0xc6, 0x29, 0x58, 0xc0, 0x21, 0xf7,
    0x10, 0x91, 0x11, 0x97, 0x00, 0x6a, 0x0f, 0x90, 0x00, 0xef, 0x09, 0x63,
    0x00, 0x65, 0x20, 0xe8, 0x00, 0x65, 0x20, 0xe8, 0x05, 0x62, 0xfd, 0x63,
    0x1f, 0x1a, 0x00, 0x6c, 0x00, 0x6d, 0x17, 0x02, 0x1f, 0x1a, 0x00, 0x6c,
    0x05, 0x97, 0x2e, 0x02, 0x00, 0xef, 0x03, 0x63, 0x17, 0xf3, 0x40, 0xba,
    0x20, 0xf1, 0x20, 0x6a, 0x60, 0x9a, 0x00, 0x4a, 0x60, 0xba, 0x60, 0xda,
    0x00, 0x65, 0x20, 0xe8, 0xff, 0x6a, 0x6d, 0xb8, 0x4b, 0xea, 0x02, 0x4a,
    0xaa, 0xb9, 0x6c, 0xea, 0x00, 0x65, 0x20, 0xe8, 0x00, 0xf2, 0x6d, 0xb8,
    0x4b, 0xea, 0x01, 0x6a, 0xaa, 0xb9, 0x6c, 0xea, 0x00, 0x65, 0x20, 0xe8,
    0x00, 0x65, 0x20, 0xe8, 0x00, 0x65, 0x20, 0xe8, 0x09, 0x62, 0xfb, 0x63,
    0x07, 0xd0, 0x08, 0xd1, 0x20, 0x6c, 0x14, 0xf0, 0x68, 0x9c, 0xc0, 0xf6,
    0x20, 0x68, 0x14, 0xf0, 0x00, 0x48, 0x80, 0xf0, 0x01, 0x6a, 0x01, 0x4b,
    0xc0, 0xf0, 0x6c, 0xea, 0xc0, 0xf6, 0x68, 0x98, 0x40, 0xeb, 0x48, 0xdc,
    0x8c, 0x98, 0xc0, 0xf0, 0x14, 0xf0, 0x40, 0xec, 0xc1, 0xf4, 0x20, 0x6a,
    0xe0, 0xf0, 0x10, 0x4a, 0xff, 0x6d, 0x90, 0xa2, 0xac, 0xec, 0xfa, 0x4c,
    0x14, 0xf0, 0x02, 0x5c, 0x24, 0x67, 0x20, 0x6c, 0x00, 0x49, 0xc0, 0xf6,
    0x61, 0xa1, 0x12, 0x60, 0x80, 0xa4, 0xc0, 0xf6, 0x20, 0x6f, 0x17, 0xf0,
    0x00, 0x4f, 0x0c, 0xf0, 0x8d, 0xeb, 0xc0, 0x9f, 0xac, 0xeb, 0x02, 0x6a,
    0x01, 0x5b, 0x4b, 0xea, 0x58, 0x67, 0x4c, 0xee, 0x40, 0xdf, 0xcd, 0xea,
    0x40, 0xf1, 0x29, 0x10, 0x01, 0x6a, 0x7d, 0xa2, 0xac, 0xeb, 0x4c, 0xeb,
    0x00, 0x6b, 0x17, 0x23, 0x20, 0x6a, 0x14, 0xf0, 0x18, 0x4a, 0xa0, 0xf6,
    0x87, 0xa2, 0x49, 0xe3, 0xa4, 0x98, 0xc0, 0xf0, 0x40, 0xed, 0x04, 0xd3,
    0xc0, 0xf0, 0x04, 0x93, 0x69, 0xe1, 0xa4, 0x98, 0x40, 0xed, 0x87, 0xa2,
    0xff, 0x4b, 0x04, 0x93, 0x01, 0x4a, 0x47, 0x43, 0x0c, 0x10, 0xeb, 0x2a,
    0x69, 0xe1, 0x00, 0x6b, 0xc0, 0xf0, 0x87, 0xa2, 0x04, 0xd3, 0xa4, 0x98,
    0x04, 0x93, 0x40, 0xed, 0x47, 0x43, 0xff, 0x4b, 0xf5, 0x2a, 0x01, 0x4a,
    0x08, 0x91, 0x09, 0x97, 0x00, 0x6a, 0x07, 0x90, 0x00, 0xef, 0x05, 0x63,
    0x20, 0x6b, 0x14, 0xf0, 0x20, 0x6c, 0x14, 0xf0, 0x86, 0xac, 0x21, 0xf6,
    0x20, 0x6a, 0x14, 0xf0, 0x76, 0xab, 0x60, 0xf6, 0x50, 0xaa, 0x60, 0xf6,
    0x62, 0xea, 0x8f, 0xe3, 0x20, 0x6a, 0x17, 0xf0, 0x00, 0x4a, 0x0c, 0xf0,
    0x02, 0x6b, 0x80, 0x9a, 0x8c, 0xeb, 0x6b, 0xeb, 0x01, 0x6c, 0x02, 0x60,
    0x60, 0xda, 0x8d, 0xeb, 0x20, 0xe8, 0x00, 0x6a, 0x20, 0x6a, 0x17, 0xf3,
    0x68, 0x9a, 0x80, 0xf0, 0x6c, 0xea, 0xff, 0x6a, 0x54, 0x32, 0x05, 0x22,
    0x20, 0x6b, 0x14, 0xf0, 0x56, 0xcb, 0x60, 0xf6, 0x20, 0xe8, 0x00, 0x6a,
    0x07, 0x62, 0xfc, 0x63, 0x05, 0xd0, 0x06, 0xd1, 0x00, 0x69, 0x00, 0x68,
    0x20, 0x6a, 0x14, 0xf0, 0x54, 0x9a, 0x40, 0xf1, 0x40, 0xea, 0x90, 0x67,
    0x58, 0xe8, 0x58, 0x6a, 0x20, 0x6a, 0x14, 0xf0, 0x10, 0x4a, 0x80, 0xf7,
    0x49, 0xe3, 0x12, 0xeb, 0x5c, 0xa2, 0x20, 0xf0, 0x0b, 0x60, 0x06, 0x72,
    0x00, 0x6b, 0x05, 0x72, 0x14, 0xf0, 0x11, 0x61, 0x08, 0x32, 0x20, 0x6c,
    0x08, 0x4c, 0x20, 0xf6, 0x40, 0x9a, 0x89, 0xe2, 0x04, 0x32, 0x09, 0x22,
    0x4f, 0xe4, 0x0c, 0x34, 0x20, 0x6a, 0x14, 0xf0, 0x00, 0x4a, 0x80, 0xf6,
    0x60, 0xaa, 0x49, 0xe3, 0x65, 0xe1, 0x01, 0x48, 0x1f, 0x6a, 0xff, 0xf7,
    0x4c, 0xe9, 0x08, 0x70, 0x14, 0xf0, 0xd3, 0x61, 0x60, 0xf6, 0x20, 0x6a,
    0x14, 0xf0, 0x30, 0xca, 0x14, 0xf0, 0x20, 0x6b, 0x60, 0xf6, 0x20, 0x6a,
    0x21, 0xf6, 0x56, 0xaa, 0x07, 0x97, 0x68, 0xab, 0x6b, 0xe2, 0x05, 0x90,
    0x14, 0xf0, 0x27, 0xe2, 0x60, 0xf6, 0x20, 0x6a, 0x06, 0x91, 0x32, 0xca,
    0x04, 0x63, 0x00, 0x6a, 0x00, 0x65, 0x00, 0xef, 0x07, 0x62, 0xfc, 0x63,
    0x05, 0xd0, 0x06, 0xd1, 0x00, 0x69, 0x00, 0x68, 0x58, 0xe8, 0x58, 0x6a,
    0x20, 0x6a, 0x14, 0xf0, 0x10, 0x4a, 0x80, 0xf7, 0x49, 0xe3, 0x12, 0xeb,
    0x5c, 0xa2, 0x20, 0xf0, 0xff, 0x6a, 0x6b, 0x42, 0x02, 0x5a, 0x6c, 0xea,
    0x0f, 0x60, 0x00, 0x6a, 0x20, 0x6a, 0x14, 0xf0, 0x40, 0x9a, 0x60, 0xf1,
    0x40, 0xea, 0x90, 0x67, 0x0c, 0x34, 0x04, 0x32, 0x14, 0xf0, 0x4f, 0xe4,
    0x80, 0xf6, 0x20, 0x6a, 0x49, 0xe3, 0x00, 0x4a, 0x01, 0x48, 0x42, 0xaa,
    0x08, 0x70, 0x49, 0xe1, 0x1f, 0x69, 0xff, 0xf7, 0xda, 0x61, 0x4c, 0xe9,
    0x20, 0x6a, 0x14, 0xf0, 0x76, 0xaa, 0x60, 0xf6, 0x20, 0x6a, 0x14, 0xf0,
    0x46, 0xaa, 0x21, 0xf6, 0x05, 0x90, 0x07, 0x97, 0x2b, 0xe2, 0x4b, 0xe3,
    0x14, 0xf0, 0x06, 0x91, 0x60, 0xf6, 0x20, 0x6b, 0x00, 0x6a, 0x54, 0xcb,
    0x00, 0xef, 0x04, 0x63, 0x01, 0xd0, 0xff, 0x63, 0x20, 0x68, 0x14, 0xf0,
    0xa0, 0x35, 0xa0, 0x35, 0xf4, 0x88, 0x60, 0xf6, 0xa3, 0x35, 0xff, 0x6a,
    0xa3, 0x35, 0x4c, 0xec, 0x20, 0x6a, 0x14, 0xf0, 0xa2, 0xef, 0xc2, 0x67,
    0x10, 0x4e, 0x80, 0xf7, 0x58, 0x6a, 0x0b, 0x60, 0x7f, 0x6b, 0x58, 0xec,
    0x49, 0xe6, 0x12, 0xea, 0x9d, 0xa2, 0x20, 0xf0, 0x20, 0xf0, 0x8c, 0xeb,
    0x28, 0x10, 0x7d, 0xc2, 0x84, 0x33, 0x8c, 0x32, 0x14, 0xf0, 0x6f, 0xe2,
    0x80, 0xf6, 0x20, 0x6a, 0x49, 0xe3, 0x00, 0x4a, 0x62, 0xca, 0x61, 0xaa,
    0x88, 0x32, 0x7f, 0xe7, 0x6d, 0xe2, 0x90, 0x33, 0x20, 0x6a, 0x14, 0xf0,
    0x18, 0x4a, 0xc0, 0xf6, 0xad, 0xa2, 0x49, 0xe3, 0x60, 0xf6, 0x01, 0x6b,
    0xad, 0xeb, 0xf4, 0xc8, 0xa6, 0xaa, 0x6d, 0xc2, 0xac, 0xeb, 0x01, 0x6b,
    0x58, 0x6a, 0x66, 0xca, 0x02, 0x6b, 0x58, 0xec, 0x12, 0xea, 0x6b, 0xeb,
    0x40, 0xf0, 0x49, 0xe6, 0x8c, 0xeb, 0x93, 0xa2, 0x73, 0xc2, 0x40, 0xf0,
    0x00, 0x6a, 0x01, 0x90, 0x20, 0xe8, 0x01, 0x63, 0x0b, 0x62, 0xfa, 0x63,
    0x09, 0xd0, 0x0a, 0xd1, 0xdb, 0x29, 0x1f, 0x1a, 0x14, 0xf0, 0x00, 0x6d,
    0x60, 0xf6, 0x20, 0x6a, 0x49, 0xe5, 0x18, 0x4a, 0x58, 0x6f, 0x27, 0xa2,
    0x20, 0x6a, 0x14, 0xf0, 0x80, 0xf7, 0xf8, 0xe9, 0xff, 0x68, 0x10, 0x4a,
    0x51, 0xe4, 0x12, 0xec, 0x7c, 0xa4, 0x20, 0xf0, 0x0c, 0xeb, 0xfb, 0x4b,
    0x53, 0x60, 0x02, 0x5b, 0x20, 0x6b, 0x14, 0xf0, 0xd2, 0x8b, 0x60, 0xf6,
    0x4d, 0x60, 0x00, 0x56, 0x20, 0xf0, 0x07, 0x6e, 0x91, 0x67, 0xdc, 0xc4,
    0x05, 0xd5, 0x06, 0xd3, 0x1f, 0x1a, 0x04, 0xd7, 0x24, 0x36, 0x0d, 0x04,
    0x06, 0x93, 0x2c, 0x34, 0x20, 0x6a, 0x14, 0xf0, 0x80, 0xf6, 0xd3, 0xe4,
    0x51, 0xe4, 0x00, 0x4a, 0xd2, 0xab, 0x60, 0xf6, 0x04, 0x49, 0x80, 0xac,
    0x91, 0xe6, 0x01, 0x6a, 0x92, 0xcb, 0x60, 0xf6, 0x14, 0xf0, 0x24, 0x34,
    0x60, 0xf7, 0x20, 0x69, 0x25, 0xe4, 0x18, 0x49, 0x05, 0x95, 0x80, 0xa1,
    0x9a, 0x36, 0x04, 0x97, 0x1a, 0x65, 0xcc, 0xea, 0x0f, 0x6e, 0x26, 0x60,
    0x0c, 0xec, 0xcc, 0xec, 0x14, 0xf0, 0xf8, 0xec, 0x80, 0xf7, 0x20, 0x6f,
    0x12, 0xea, 0x10, 0x4f, 0x07, 0x6f, 0x49, 0xe7, 0xfc, 0xc2, 0x20, 0xf0,
    0x05, 0xd5, 0x06, 0xd3, 0x1f, 0x1a, 0x04, 0xd6, 0x40, 0xa1, 0x0d, 0x04,
    0x06, 0x93, 0x04, 0x96, 0x4c, 0xee, 0x05, 0x95, 0x04, 0x36, 0xcc, 0xe8,
    0x20, 0x6a, 0x14, 0xf0, 0x80, 0xf6, 0x0c, 0x30, 0xc3, 0xe0, 0x00, 0x4a,
    0x80, 0xa8, 0x41, 0xe0, 0x52, 0xab, 0x60, 0xf6, 0x60, 0xf6, 0x89, 0xe2,
    0xff, 0x4d, 0x52, 0xcb, 0x01, 0x4a, 0x47, 0x45, 0x0b, 0x97, 0x94, 0x2a,
    0x09, 0x90, 0x0a, 0x91, 0x00, 0xef, 0x06, 0x63, 0x07, 0x62, 0xfc, 0x63,
    0x05, 0xd0, 0x06, 0xd1, 0x14, 0xf0, 0x00, 0x69, 0x60, 0xf6, 0x20, 0x6a,
    0x49, 0xe1, 0x18, 0x4a, 0x58, 0x6a, 0x00, 0xa2, 0x14, 0xf0, 0x58, 0xe8,
    0x80, 0xf7, 0x20, 0x6a, 0x12, 0xeb, 0x10, 0x4a, 0x40, 0xf0, 0x4d, 0xe3,
    0x8e, 0x35, 0x96, 0xa3, 0xac, 0xec, 0x01, 0x6c, 0x20, 0xf0, 0x2d, 0x24,
    0x9e, 0x34, 0x9d, 0xa3, 0x20, 0xf0, 0x29, 0x24, 0x05, 0x73, 0x7c, 0xa3,
    0x14, 0xf0, 0x25, 0x61, 0x08, 0x33, 0x20, 0x6c, 0x08, 0x4c, 0x20, 0xf6,
    0x60, 0x9b, 0x8d, 0xe3, 0x14, 0xf0, 0x1d, 0x2b, 0x60, 0xf1, 0x20, 0x6a,
    0x90, 0x67, 0x44, 0x9a, 0x14, 0xf0, 0x40, 0xea, 0x21, 0xf6, 0x20, 0x6a,
    0x04, 0x6a, 0x6b, 0xa2, 0x4c, 0xeb, 0x00, 0x6d, 0x6c, 0xea, 0xff, 0x6a,
    0x0c, 0x32, 0x09, 0x2a, 0x6f, 0xe2, 0x04, 0x33, 0x20, 0x6a, 0x14, 0xf0,
    0x00, 0x4a, 0x80, 0xf6, 0xa1, 0x8a, 0x49, 0xe3, 0x1f, 0x1a, 0x90, 0x67,
    0x1f, 0x10, 0x21, 0x2a, 0x78, 0xe8, 0x58, 0x6b, 0x69, 0xe2, 0x12, 0xeb,
    0x7c, 0xa2, 0x20, 0xf0, 0x17, 0x61, 0x06, 0x73, 0x10, 0x30, 0x08, 0x33,
    0x14, 0xf0, 0x01, 0xe3, 0xc0, 0xf6, 0x20, 0x6b, 0x61, 0xe0, 0x18, 0x4b,
    0xe0, 0xf1, 0x66, 0xa8, 0x0b, 0x61, 0x14, 0x5b, 0x93, 0xa2, 0x40, 0xf0,
    0x8d, 0xeb, 0x01, 0x6b, 0x73, 0xc2, 0x40, 0xf0, 0x02, 0x6a, 0x6d, 0xa0,
    0x6c, 0xea, 0x4b, 0xea, 0x01, 0x49, 0x4d, 0xc0, 0x9d, 0x61, 0x08, 0x71,
    0x06, 0x91, 0x07, 0x97, 0x00, 0x6a, 0x05, 0x90, 0x00, 0xef, 0x04, 0x63,
    0x05, 0x62, 0xfd, 0x63, 0xd4, 0x29, 0x1f, 0x1a, 0x46, 0x2a, 0x1f, 0x1a,
    0x01, 0x2a, 0x1f, 0x1a, 0x82, 0x2a, 0x1f, 0x1a, 0x00, 0x6a, 0x05, 0x97,
    0x00, 0xef, 0x03, 0x63, 0x07, 0x62, 0xfc, 0x63, 0x05, 0xd0, 0x06, 0xd1,
    0x20, 0x6a, 0x14, 0xf0, 0xff, 0x69, 0x04, 0x67, 0x5c, 0x9a, 0x21, 0xf7,
    0x90, 0x67, 0x2c, 0xe8, 0x14, 0xf0, 0x40, 0xea, 0x04, 0x33, 0x20, 0x6a,
    0x00, 0x4a, 0xc0, 0xf3, 0x14, 0xf0, 0x49, 0xe3, 0x40, 0xaa, 0x20, 0x6b,
    0x76, 0xab, 0xa1, 0xf5, 0x44, 0x61, 0x63, 0xea, 0x58, 0xe8, 0x58, 0x6a,
    0x20, 0x6a, 0x14, 0xf0, 0x10, 0x4a, 0x80, 0xf7, 0x4d, 0xe3, 0x12, 0xeb,
    0x93, 0xa3, 0x40, 0xf0, 0x01, 0x6c, 0x8e, 0x35, 0x36, 0x24, 0xac, 0xec,
    0x9c, 0xa3, 0x20, 0xf0, 0x12, 0x61, 0x05, 0x74, 0x9e, 0xa3, 0x20, 0xf0,
    0x23, 0x6b, 0x00, 0xf0, 0x00, 0x4b, 0x02, 0xf2, 0x00, 0xf5, 0x92, 0x34,
    0x17, 0xf3, 0x80, 0x34, 0x6d, 0xec, 0x20, 0x6d, 0x10, 0x4d, 0x20, 0xf2,
    0xad, 0xe3, 0x08, 0x33, 0x15, 0x10, 0x80, 0xdb, 0x13, 0x61, 0x06, 0x74,
    0x9e, 0xa3, 0x20, 0xf0, 0x8c, 0xeb, 0x0f, 0x6b, 0x00, 0xf0, 0x6c, 0xe9,
    0x06, 0xf2, 0x23, 0x6b, 0x00, 0xf5, 0x00, 0x4b, 0x17, 0xf3, 0x20, 0x31,
    0x6d, 0xe9, 0x20, 0x6c, 0x10, 0x4c, 0x20, 0xf2, 0x8d, 0xe3, 0x08, 0x33,
    0x58, 0x6b, 0x20, 0xdb, 0x12, 0xeb, 0x78, 0xe8, 0x40, 0xf0, 0x69, 0xe2,
    0x09, 0x6b, 0x93, 0xa2, 0x8c, 0xeb, 0x6b, 0xeb, 0x73, 0xc2, 0x40, 0xf0,
    0x06, 0x91, 0x07, 0x97, 0x00, 0x6a, 0x05, 0x90, 0x00, 0xef, 0x04, 0x63,
    0x07, 0x62, 0xfc, 0x63, 0x05, 0xd0, 0x06, 0xd1, 0x14, 0xf0, 0x24, 0x67,
    0xe4, 0x67, 0x20, 0x6c, 0x10, 0x4f, 0xc1, 0xf4, 0x7f, 0x6b, 0xa9, 0xa7,
    0xac, 0xeb, 0xff, 0x6a, 0x4c, 0xe9, 0x4c, 0xeb, 0x17, 0xf3, 0x46, 0x23,
    0x20, 0xf2, 0x20, 0x6d, 0x28, 0x33, 0x10, 0x4d, 0x60, 0x9b, 0xad, 0xe3,
    0x01, 0x6b, 0x62, 0x35, 0x6c, 0xea, 0xac, 0xeb, 0x14, 0xf0, 0x3a, 0x22,
    0x80, 0xf0, 0x20, 0x6a, 0x1a, 0x65, 0x00, 0x4a, 0x20, 0x6a, 0x14, 0xf0,
    0x00, 0xf0, 0x2c, 0x35, 0x49, 0xe5, 0x00, 0x4a, 0x90, 0xa4, 0xc1, 0xf4,
    0x0f, 0x6b, 0xa5, 0x82, 0xa4, 0xec, 0x6c, 0xec, 0x41, 0xa7, 0x81, 0xa2,
    0x7f, 0x4c, 0x07, 0x41, 0x01, 0x6f, 0x6c, 0xea, 0x01, 0x48, 0xe4, 0xea,
    0x20, 0x6e, 0x14, 0xf0, 0xf1, 0xe4, 0x0d, 0x4c, 0xe0, 0xf3, 0x04, 0x30,
    0x78, 0x67, 0x18, 0x4e, 0xa0, 0x35, 0xd9, 0xe0, 0x41, 0x9b, 0x80, 0x34,
    0xa0, 0x35, 0xc0, 0x8e, 0xa3, 0x35, 0x80, 0x34, 0xa3, 0x35, 0x83, 0x34,
    0x40, 0xea, 0x83, 0x34, 0x20, 0x6c, 0x14, 0xf0, 0x60, 0x9c, 0x80, 0xf0,
    0x40, 0xeb, 0x82, 0x67, 0x20, 0x6b, 0x14, 0xf0, 0x00, 0x4b, 0xc0, 0xf3,
    0x46, 0x32, 0x61, 0xe0, 0x14, 0xf0, 0x40, 0xc8, 0x41, 0xf7, 0x20, 0x6a,
    0x91, 0x67, 0x40, 0x9a, 0x07, 0x97, 0x40, 0xea, 0x05, 0x90, 0x06, 0x91,
    0x04, 0x63, 0x00, 0x6a, 0x00, 0x65, 0x00, 0xef, 0x4c, 0xec, 0xff, 0x6a,
    0x78, 0xec, 0x58, 0x6b, 0x20, 0x6b, 0x14, 0xf0, 0x10, 0x4b, 0x80, 0xf7,
    0x6d, 0xe5, 0x12, 0xed, 0x7c, 0xa3, 0x20, 0xf0, 0x6c, 0xea, 0xfb, 0x4b,
    0x10, 0x60, 0x02, 0x5a, 0x20, 0x6a, 0x17, 0xf3, 0x60, 0xf6, 0x88, 0x33,
    0x49, 0xe3, 0x04, 0x4a, 0x14, 0xf0, 0x84, 0x33, 0xc0, 0xf3, 0x20, 0x6c,
    0x91, 0xe3, 0x00, 0x4c, 0x60, 0xda, 0x60, 0xac, 0x20, 0xe8, 0x00, 0x6a,
    0x05, 0x62, 0xfd, 0x63, 0x20, 0x6a, 0x14, 0xf0, 0x44, 0x9a, 0x41, 0xf7,
    0x05, 0x97, 0x40, 0xea, 0x03, 0x63, 0x00, 0x6a, 0x00, 0x65, 0x00, 0xef,
    0x21, 0xa6, 0xc0, 0xbf, 0x31, 0xa6, 0xc0, 0xbf, 0x00, 0x00, 0x00, 0x00,
    0xed, 0xa5, 0xc0, 0xbf, 0x00, 0x00, 0x00, 0x00, 0x0d, 0xa6, 0xc0, 0xbf,
    0xf5, 0xa5, 0xc0, 0xbf, 0x00, 0x00, 0x00, 0x00, 0xff, 0xff, 0x00, 0x00,
    0xff, 0xff, 0x00, 0x00, 0xff, 0xff, 0x00, 0x00, 0x01, 0x90, 0xc0, 0xbf,
    0x02, 0x00, 0xe0, 0xbe, 0x00, 0x00, 0x00, 0x00, 0x00, 0x00, 0x00, 0x00,
    0x00, 0x00, 0x00, 0x94, 0x00, 0x00, 0x00, 0x00, 0x02, 0x00, 0xe0, 0xbe,
    0x00, 0x00, 0x00, 0x00, 0x00, 0x00, 0x00, 0x00, 0x00, 0x00, 0x00, 0x94,
    0x00, 0x00, 0x00, 0x00, 0x02, 0x00, 0xe0, 0xbe, 0x00, 0x00, 0x00, 0x00,
    0x00, 0x00, 0x00, 0x00, 0x00, 0x00, 0x00, 0x94, 0x00, 0x00, 0x00, 0x00,
    0x02, 0x00, 0xe0, 0xbe, 0x00, 0x00, 0x00, 0x00, 0x00, 0x00, 0x00, 0x00,
    0x00, 0x00, 0x00, 0x94, 0x00, 0x00, 0x00, 0x00, 0x02, 0x00, 0xe0, 0xbe,
    0x00, 0x00, 0x00, 0x00, 0x00, 0x00, 0x00, 0x00, 0x00, 0x00, 0x00, 0x94,
    0x00, 0x00, 0x00, 0x00, 0x02, 0x00, 0xe0, 0xbe, 0x00, 0x00, 0x00, 0x00,
    0x00, 0x00, 0x00, 0x00, 0x00, 0x00, 0x00, 0x94, 0x00, 0x00, 0x00, 0x00,
    0x02, 0x00, 0xe0, 0xbe, 0x00, 0x00, 0x00, 0x00, 0x00, 0x00, 0x00, 0x00,
    0x00, 0x00, 0x00, 0x94, 0x00, 0x00, 0x00, 0x00, 0x02, 0x00, 0xe0, 0xbe,
    0x00, 0x00, 0x00, 0x00, 0x00, 0x00, 0x00, 0x00, 0x00, 0x00, 0x00, 0x94,
    0x00, 0x00, 0x00, 0x00, 0x5f, 0x07, 0x09, 0x02, 0x94, 0xdd, 0x00, 0x00,
    0xc3, 0x37, 0x80, 0x04, 0x01, 0x24, 0x02, 0x12, 0xe8, 0x03, 0xd0, 0x07,
    0xcd, 0x13, 0x0d, 0x13, 0x00, 0x78, 0x00, 0x40, 0x3c, 0x00, 0x64, 0x00,
    0x00, 0x2c, 0x00, 0x18, 0x00, 0x1a, 0x00, 0x0c, 0x3c, 0x00, 0xff, 0x1f,
    0x00, 0x00, 0x00, 0x00, 0x0d, 0x06, 0x00, 0x06, 0x40, 0x05, 0xc8, 0xc8,
    0x09, 0x0f, 0x0f, 0x01, 0x74, 0x01, 0x1f, 0x09, 0x40, 0x01, 0x98, 0x03,
    0x27, 0x00, 0x13, 0x00, 0x08, 0x03, 0x00, 0x16, 0x25, 0x12, 0x04, 0x13,
    0x00, 0x2a, 0x00, 0x20, 0x7d, 0x00, 0xf4, 0x01, 0x4d, 0x08, 0x7d, 0x00,
    0xa6, 0x0e, 0x4d, 0x08, 0xf3, 0x16, 0xa6, 0x0e, 0x7d, 0x00, 0xf3, 0x16,
    0xb8, 0x88, 0xe8, 0x03, 0x01, 0xd0, 0x33, 0x13, 0x20, 0x10, 0x00, 0x12,
    0x07, 0x0c, 0x18, 0x03, 0x00, 0x04, 0x78, 0xfa, 0xdb, 0x01, 0xd5, 0x00,
    0x39, 0x04, 0xf2, 0x02, 0x87, 0x06, 0x24, 0x06, 0x11, 0x11, 0x11, 0x11,
    0x01, 0x01, 0x01, 0x12, 0x13, 0x12, 0x12, 0x02, 0x11, 0x11, 0x11, 0x13,
    0x11, 0x11, 0x13, 0x12, 0x11, 0x11, 0x11, 0x11, 0x0a, 0x3c, 0x08, 0x00,
    0xb4, 0x00, 0xdc, 0x05, 0x91, 0x0d, 0x21, 0x30, 0x21, 0x30, 0xae, 0x17,
    0xfc, 0x09, 0x0c, 0x52, 0xd7, 0x23, 0x27, 0x11, 0x3d, 0x4a, 0xcc, 0x4c,
    0xcd, 0x6c, 0x29, 0x5c, 0x85, 0x0b, 0x00, 0x80, 0xe3, 0x25, 0xd7, 0x13,
    0x71, 0x7d, 0x0c, 0x52, 0x21, 0x30, 0x21, 0x30, 0x21, 0x30, 0x21, 0x30,
    0x21, 0x30, 0x21, 0x30, 0x29, 0x13, 0x0a, 0x06, 0x7a, 0x66, 0x4f, 0x3b,
    0x00, 0x01, 0x44, 0x00, 0x00, 0x3a, 0x00, 0x00, 0x19, 0x07, 0x18, 0x14,
    0x00, 0x00, 0x21, 0x00, 0x00, 0x00, 0x00, 0x00, 0xbb, 0xbb, 0xff, 0xff,
    0xbb, 0xbb, 0xff, 0xff, 0x00, 0x00, 0x00, 0x00, 0x00, 0x00, 0x00, 0x00,
    0x00, 0x00, 0xff, 0x00, 0x00, 0x00, 0xff, 0x00, 0x00, 0x00, 0x00, 0x00,
    0x00, 0x00, 0x00, 0x00, 0xff, 0x0f, 0x00, 0x80, 0xff, 0x0f, 0x00, 0x80,
    0x00, 0x00, 0x00, 0x00, 0x00, 0x00, 0x00, 0x00, 0x00, 0x00, 0x00, 0x00,
    0x00, 0x00, 0x00, 0x00, 0xc0, 0x12, 0xc0, 0x12, 0xc0, 0x12, 0xc0, 0x12,
    0xc0, 0x12, 0xc0, 0x12, 0xc0, 0x12, 0xc0, 0x12, 0x04, 0x05, 0x06, 0x07,
    0x00, 0x01, 0x02, 0x03, 0x40, 0x00, 0xf6, 0x00, 0xf6, 0x00, 0x70, 0x00,
    0x00, 0x00, 0xe0, 0x01, 0x00, 0x00, 0x00, 0x00, 0x20, 0x00, 0x00, 0x00,
    0x07, 0x00, 0x00, 0x00, 0xe8, 0x03, 0x00, 0x00, 0x3c, 0x00, 0x00, 0x00,
    0x78, 0x00, 0x00, 0x00, 0xb4, 0x00, 0x00, 0x00, 0xf0, 0x00, 0x00, 0x00,
    0x3c, 0x00, 0x00, 0x00, 0x78, 0x00, 0x00, 0x00, 0xb4, 0x00, 0x00, 0x00,
    0xf0, 0x00, 0x00, 0x00, 0x68, 0x01, 0x00, 0x00, 0xa4, 0x01, 0x00, 0x00,
    0xe0, 0x01, 0x00, 0x00, 0x1c, 0x02, 0x00, 0x00, 0x0c, 0x0a, 0xa4, 0x44,
};
static const unsigned int rtl8238b_fw_small_len = sizeof(rtl8238b_fw_small);
